id,area,address,point,sight,level,price,count,intro,img_url,detail_url,score,desc,pic_url,comment
606992388,浙江·舟山·普陀区,浙江省舟山市普陀区,"122.38611,29.98092",普陀山风景区,5A景区,160,3830,人间清净地 | 朝圣看日出,https://imgs.qunarzz.com/sight/p0/1603/8f/8fff2332dff679ec90.water.jpg_280x200_10dd1963.jpg,https://piao.qunar.com/ticket/detail_606992388.html?st=a3clM0QlRTYlQjUlOTklRTYlQjElOUYlMjZpZCUzRDEwMjcwJTI2dHlwZSUzRDAlMjZpZHglM0QxJTI2cXQlM0RyZWdpb24lMjZhcGslM0QyJTI2c2MlM0RXV1clMjZ1ciUzRCVFNiU5RCVBRCVFNSVCNyU5RSUyNmxyJTNEJUU2JTlEJUFEJUU1JUI3JTlFJTI2ZnQlM0QlN0IlN0Q%3D#from=,5.0,普陀山，与山西五台山、四川峨眉山、安徽九华山并称为中国佛教四大名山，是观世音菩萨教化众生的道场。普陀山是舟山群岛1390个岛屿中的一个小岛，形似苍龙卧海，面积近13平方公里，与舟山群岛的沈家门隔海相望，素有“海天佛国”、“南海圣境”之称，以其神奇、神圣、神秘，成为驰誉中外的旅游胜地。其宗教活动可追溯于秦。至唐朝，海上丝绸之路的兴起，促进了普陀山观音道场的形成，并迅速成为汉传佛教中心，传至东南亚及日、韩等国。至清末，全山已形成3大寺、88禅院、128茅蓬，僧众数千，是名副其实的“观音之乡”。除了悠久的佛将文化之外，普陀山还有丰富的海岛风光，古人称之为“海天佛国”。山石林木、寺塔崖刻、梵音涛声，皆充满佛国神秘色彩。,https://imgs.qunarzz.com/sight/p0/1603/8f/8fff2332dff679ec90.water.jpg_710x360_cc96a62e.jpghttps://imgs.qunarzz.com/sight/p0/2005/a6/a68ac89e55d83cdda3.water.jpg_710x360_a86ae978.jpghttps://imgs.qunarzz.com/sight/p0/1603/16/16609994d07bc21390.water.jpg_710x360_a605f0e1.jpghttps://imgs.qunarzz.com/sight/p0/2005/17/17e6cade0d47bc69a3.water.jpg_710x360_caa5aed8.jpghttps://imgs.qunarzz.com/sight/p0/1603/f2/f276baa7bfd3a76190.water.jpg_710x360_1371c31a.jpghttps://imgs.qunarzz.com/sight/p0/1603/f4/f459e89b0cd2234e90.water.jpg_710x360_b3de6039.jpghttps://imgs.qunarzz.com/sight/p0/2005/3d/3dfafef933203a42a3.water.jpg_710x360_d6b28f39.jpghttps://imgs.qunarzz.com/sight/p0/1603/79/79b360edca18d53c90.water.jpg_710x360_85386a6a.jpghttps://imgs.qunarzz.com/sight/p0/1412/13/9b5f3de25071dc8831b376310e61acbf.water.jpg_710x360_6e09c219.jpghttps://imgs.qunarzz.com/sight/p0/1603/f7/f74bb7d6a317a6890.water.jpg_710x360_8f765fdd.jpghttps://imgs.qunarzz.com/sight/p0/1603/d7/d73726eaa0e45ae790.water.jpg_710x360_da5bac9c.jpghttps://imgs.qunarzz.com/sight/p0/1603/ad/ada7e7c2dce3c0bf90.water.jpg_710x360_a2797590.jpg,建议到了景点再买票，因为有的人（比如我）在网上买了往返的票后却脑抽一样的爬上了佛顶山，在参观了佛顶山上的庙宇后就坐着缆车下山了。而此时虽然可以再返程回山顶，但实在是不想走下山路了，爬山就已经很累了，这样就浪费了一次乘坐体验。但不得不说，缆车的沿途风景还是非常美的，推荐乘缆车下山。小王帅哥导游服务特别好，年轻态度好，照顾很周到，我是报团后自由行，小王导游也不忘记照顾我，给我餐券，问我是否到住宿的地方，提醒返程坐车位置，很细致周到，谢谢小王帅哥导游！很开心！普陀山佛门圣地，一辈子一定要来一次，无愧于“海天佛国”之美誉。来过这么多次普陀山了这次是最满意的一次，导游讲解的特别详细。我们这个团里还有不少老年人，因为天气热，我看到导游时不时就问老人身体能不能吃得消，照顾的非常细致，这样的团不得不给点5星好评！！！张导特别细致，很专业的，景区也特别好。第一次去普陀山，两天时间基本可以覆盖所有景点，不过挺累的。买票时候输入错了一个身份证号，结果无法上船，联系到客服很快给解决了，感受很好。就是联系去哪儿的人工客服太难了。导游专业，游玩开心。下次再来还愿此次去普陀山拜佛非常殊胜，天气晴朗，路途畅通。尤其是导游，解说清晰，态度热情。小蔚导游服务周到，讲得非常专业。途中丢了钱还帮我们找回来了。为他点赞👍这次的祈福之旅很舒心！这次普陀山之行能由小张导游一路陪伴。 小张导游为人亲切，知识面丰富，路线安排合理。对普陀山各寺院的渊源如数家珍，建议的礼佛程序专业务实，沿途风景介绍的认真详尽。 通过小张导游的一路指引，让我们此次普陀山之行，增闻见广，不虚此行。非常感谢！感谢去哪儿、感谢小张导游的贴心照顾，感谢这家旅行社的用心安排~
2432483338,浙江·台州·玉环漩门湾观光农业园,浙江省台州市玉环县滨江北线玉环观光农业园内,"121.269006,28.247852",漩门湾水上乐园,,70,38,玉环县大型水上乐园,https://imgs.qunarzz.com/sight/p0/1606/c0/c0aabbb9d9c93ab8e2.water.jpg_280x200_36452723.jpg,https://piao.qunar.com/ticket/detail_2432483338.html?st=a3clM0QlRTYlQjUlOTklRTYlQjElOUYlMjZpZCUzRDQ1MzAxOCUyNnR5cGUlM0QwJTI2aWR4JTNEMTMlMjZxdCUzRHJlZ2lvbiUyNmFwayUzRDIlMjZzYyUzRFdXVyUyNnVyJTNEJUU2JTlEJUFEJUU1JUI3JTlFJTI2bHIlM0QlRTYlOUQlQUQlRTUlQjclOUUlMjZmdCUzRCU3QiU3RA%3D%3D#from=,4.9,漩门湾水上乐园位于玉环观光农业园内。总规划面积约49014平方米，一共可容纳3000多名游客。该乐园以水上游乐为主，共设音乐喷泉广场、冲天回旋滑梯、冲浪池、宝贝水城、大喇叭滑梯、主题花果山、表演舞台等各类游玩设施。“滋溜”一下，一艘黄色皮划艇从五六层楼高的小滑道冲到巨大的圆锥体中，强大的惯性使人随水流左右摇摆，感觉如同被吸进了龙卷风；从滑道被水流冲滑而下，未见其人已先闻其声，激起3米多高的水花，刺激的体验仍令大家不禁失声惊叫，从滑道下来后只顾着欢笑，连站都站不稳。工作人员还对园区用水进行实时监测，在水上乐园入口处设立水质检测板，实时公布余氯、PH值、水温等重要信息，消除游客用水卫生隐患，让游客玩得开心，玩得放心。,https://imgs.qunarzz.com/sight/p0/1606/c0/c0aabbb9d9c93ab8e2.water.jpg_710x360_bee22e46.jpghttps://imgs.qunarzz.com/sight/p0/1606/84/847375f64f4e3d9fe2.water.jpg_710x360_4d53262d.jpghttps://imgs.qunarzz.com/sight/p0/1606/96/9619424aa1a0b18be2.water.jpg_710x360_ba64711f.jpghttps://imgs.qunarzz.com/sight/p0/1606/a8/a81e6d7a678494abe2.water.jpg_710x360_6be4769f.jpghttps://imgs.qunarzz.com/sight/p0/1606/bc/bcca28522b3d8b11e2.water.jpg_710x360_8ae5a1ef.jpghttps://imgs.qunarzz.com/sight/p0/1606/f3/f3a2a2a80c723f82e2.water.jpg_710x360_50d599c2.jpg,不错玩的很嗨，刺激下次继续光顾坑人的感觉，一个存物柜另收20元压30元，零食和水不让带还搜人包，什么景区啊，，，，，圈钱垄断这里挺好的！环境也很好！值得看一看还可以，都玩了个遍，个人觉得u型的那个滑梯相对来来说刺激一点，其他都还好，这个活动价性价比太高了，哈哈。还行吧，给人感觉跟丽水的差不多在泰州的话去哪个比较近一点价格贵 不说 还要有泳裤才能下去洗 不然不让下去 设施也少 反正去一次 不会再去good非常棒！！！！！！！！！！！！！！夏天来玩还是挺爽的了，降温了。很好，特别好玩儿！！！还可以吧！就是娱乐的设备太少了
3241002926,浙江·湖州·德清县,浙江省湖州市德清县莫干山风景名胜区,"119.875123,30.61246",莫干山,4A景区,85,1430,《纽约时报》全球最值得去的45个旅行地,https://imgs.qunarzz.com/sight/p0/2005/ea/ea35974b51417faca3.water.jpg_280x200_9aebcbf2.jpg,https://piao.qunar.com/ticket/detail_3241002926.html?st=a3clM0QlRTYlQjUlOTklRTYlQjElOUYlMjZpZCUzRDEyNjcxJTI2dHlwZSUzRDAlMjZpZHglM0QxMiUyNnF0JTNEcmVnaW9uJTI2YXBrJTNEMiUyNnNjJTNEV1dXJTI2dXIlM0QlRTYlOUQlQUQlRTUlQjclOUUlMjZsciUzRCVFNiU5RCVBRCVFNSVCNyU5RSUyNmZ0JTNEJTdCJTdE#from=,4.9,因春秋末年，吴王派莫邪、干将在此铸成举世无双的雌雄双剑而得名，莫干山以竹、泉、云三胜景及“凉、绿、清、静”著称，有“清凉世界”的美誉，与北戴河、庐山、鸡公山并称为我国四大避暑胜地。莫干山总面积43平方公里，属天目山余脉，中心景区包括塔山、中华山、金家山、屋脊山、莫干岭、炮台山等，主峰塔山海拔719米。莫干山山峦起伏，植被覆盖率高达92%，风景秀丽多姿，它虽不及泰岱之雄伟、华山之险峻，却以绿荫如海的修竹、清澈不竭的山泉、星罗棋布的别墅、四季各异的迷人风光称秀于江南”的美誉。莫干山景点众多，有风景秀丽的芦花荡公园、清幽雅静的武陵村、荡气回肠的剑池飞瀑、雄气逼人的怪石角、野味逼人的塔山公园，以及天池寺遗踪、莫干湖、旭光台、名家碑林、滴翠潭等30多处，隐于林间的173座近代别墅，荟萃了英、法、美、德、日、俄等国风格，有“别墅大观”的声名。,https://imgs.qunarzz.com/sight/p0/2005/ea/ea35974b51417faca3.water.jpg_710x360_b4cdc0ba.jpghttps://imgs.qunarzz.com/sight/p0/2005/ac/acaf2ca9d5b2a6fea3.water.jpg_710x360_82f1d896.jpghttps://imgs.qunarzz.com/sight/p0/2005/e3/e32a1289109e294da3.water.jpg_710x360_0eae14c0.jpghttps://imgs.qunarzz.com/sight/p0/2005/ff/ff056c183b6deee8a3.water.jpg_710x360_21a75f6e.jpghttps://imgs.qunarzz.com/sight/p0/201308/28/d9e518b8f9bd4c89c8d65eac.jpg_710x360_cffea697.jpghttps://imgs.qunarzz.com/sight/p0/201301/07/cc547f0d7e5e4aa793835fbb.jpg_710x360_e7ceccb0.jpghttps://imgs.qunarzz.com/sight/p0/201310/28/ce903411acde7ac6c8d65eac.jpg_710x360_de02bf30.jpghttps://imgs.qunarzz.com/sight/p0/201310/28/fb7580237de90f89c8d65eac.jpg_710x360_51bc9625.jpghttps://imgs.qunarzz.com/sight/p0/201308/28/fc9d40de765f5309c8d65eac.jpg_710x360_15f8abde.jpghttps://imgs.qunarzz.com/sight/p0/201308/28/86ed333afa1f04bdc8d65eac.jpg_710x360_4d949a77.jpghttps://imgs.qunarzz.com/sight/p0/201310/28/139c41b9e6339f8ac8d65eac.jpg_710x360_0de30b7d.jpghttps://imgs.qunarzz.com/sight/p0/201308/28/8b7eac879377f127c8d65eac.jpg_710x360_fedcf30e.jpghttps://imgs.qunarzz.com/sight/p0/1501/d2/d2a88acccf74f21f.water.jpg_710x360_f6d9746c.jpghttps://imgs.qunarzz.com/sight/p0/1501/39/399a4782d8de38f6.water.jpg_710x360_cb5e40bc.jpghttps://imgs.qunarzz.com/sight/p0/1501/7c/7c416215f4367ac9.water.jpg_710x360_ba037b6a.jpghttps://imgs.qunarzz.com/sight/p0/1501/43/43b7edb1ac95e2b1.water.jpg_710x360_6dcf6ff4.jpghttps://imgs.qunarzz.com/sight/p0/1501/35/359117285bd5bafa.water.jpg_710x360_32962f39.jpg,莫干山风景太美了，随手一拍都是大片，自驾停车方便，进园区买游览车票15元游览三小时还是很方便的作为一个福建人觉得，怎么说呢，自己家乡的山水不好吗？为啥非要大老远过来呢！山水一般，平平无奇，景区更是毫无亮点，朋友问我好玩吗，我甚至不知道怎么回答，这种不知道自己为啥大老远跑来的想法在打车一小时依然无果的时候达到了顶峰，只能说附近的人们放放风，还行。顺便推荐一下，福州的鼓岭，永泰的青云山，赤壁，都非常值得一去讲真，很混乱，我们去的是莫干山乘客旅游换乘中心，地方不是太好找，路牌上的指示1km真的能找的你怀疑人生，我觉得他们一定对公里有什么误解，到了换乘中心真的很大的建筑，然后工作人员不让我们进入，说是没地方停车了，我们问哪里能停，工作人员一挥手，这沟通感觉不是一个物种啊，我完全不能理解，没办法厚着脸皮停到人家饭店外面的路边了，进去的时候发现因为他们没有自动显示车位剩余数量的显示屏，所以你说要进去慢慢找，就能让你进，因为是周末但是不是小长假，游客不是特别多，所以上车很方便，不用排队，检票上车满员就发车也不用很久，上山的景观是真的好，司机师傅的技术是真的棒，开的和头文字D似的，盘山路那感觉，怪不得一上来先提醒你系好安全带，我的命就靠它吊着了，上山下山还是有一点点气压变化的，我们家那口子都没感觉到，估计这就是晕车的人与不晕车的人的差别吧，他觉得35做个过山车🎢真值。好吧，这一切只是混乱的开始，下了这个车还要另外买15的景区内的交通票，问不坐车，我们就是来领略山里风光的，怎么走，工作人员说那就去吧，去哪儿啊喂，整个地方只有景区内交通车的路线图，共停7站，耳边一直响着大喇叭📣说是自己游览要6个小时，坐车游览要3个小时，想着那就坐车吧，要求每站只能上下一次，还说要合理安排行程，我们又没来过怎么合理安排行程啊喂，坐车就坐车吧，上车前要在手上盖个荧光章，说是乘车凭证，太儿戏了吧，那爬山出汗洗手弄没了怎么办，而且看上去这材料也不太安全啊，于是我们家那口子盖章过去了，我死活不让盖，说是过敏体质怕过敏，后来也让过去了，突然感觉就好像是屠宰场盖了检疫章然后准备拉去屠宰，游山玩水的好心情瞬间低落....然鹅，让人崩溃的还在后面，本想直接坐车去最后一个景点，司机说都下车，你们是到山里来坐车的么……结果第一站就下了，看看皇后酒店🏨，外国人建的酒店，毛 主 席住过的地方，很多我们是来领略自然风光的啊喂，赶快去下一个景点，排了很长很长的队，到了下一个景点，蒋 介 石官邸，额....，到了白云山馆我们决定走山路，结果边走边看，速度也不快竟然直接走到了剑池，天啦噜半个小时就走了交通车的3个站点，再回去的时候想走去大坑主景区，一路上没有找到有效路标就这么错过了，快4点的时候下起了雨，交通车的师傅说去大坑来不及了，4点半就没车了，我们只好回去了，算了算时间，中午到的，排队坐车花了2个半小时，游玩1个半小时，主景区愣没看到，全程没看到步行游览路线，也是醉了环境可以，景点紧凑，小别墅群蛮多，真心不推荐去，特别是带小孩的话，非常不方便。集散中心到山上需要摆渡，山上又有景点摆渡，因为五一人多，我们没有排队坐山上的景点摆渡车，想带孩子随便走走，结果山上全是摆渡车和私家车，马路又窄人车不分离，一路上就在各种避让车和吃尾气，没素质的司机不停的按着喇叭，毫无旅游体验可言，还不如找一条马路随便走走，最后实在没办法找了家饭店随便吃了点就返程了。至于风景，没有什么心情欣赏了，看看也就那样吧。上山排队快三个小时，下山排队一个半小时多，上山玩啥力气都没有了，门票死贵，服务超烂，没有能力接待那么多人就别卖那么多票，没有统一疏散游客的能力，就别把游客集中在一起，那么多人排队上车一辆一辆的上，调度是猪脑子吧非常愉快的度假，孩子们不想回去，特别是蛋蛋随时提醒我们，每天问候，还照顾全部，很高兴认识蛋蛋，谢谢你们的服务风景还可以了，就是感觉每个景点没有什么，去过一次估计就不会再去！所有来安吉旅游的朋友不要去未来广场蜀九香火锅店。  一个番茄两根葱，一盆水收45。  真TM黑心！  可能一个番茄还不到。  去了影响心情莫干山景区名负其实，景点一般，大部分时间都是在等车，坐车，等车加坐车时间要占三分之二以上的时间。不怎么推荐大家去。
4125579163,浙江·杭州·西湖区,浙江省杭州市西湖区龙井路1号,"120.153384,30.236492",西湖,5A景区,15,794,在这里邂逅你的白娘子吧,https://imgs.qunarzz.com/sight/p0/1603/87/87146cf32fa8635e90.water.png_280x200_129ff35b.png,https://piao.qunar.com/ticket/detail_4125579163.html?st=a3clM0QlRTYlQjUlOTklRTYlQjElOUYlMjZpZCUzRDc4MDclMjZ0eXBlJTNEMCUyNmlkeCUzRDExJTI2cXQlM0RyZWdpb24lMjZhcGslM0QyJTI2c2MlM0RXV1clMjZ1ciUzRCVFNiU5RCVBRCVFNSVCNyU5RSUyNmxyJTNEJUU2JTlEJUFEJUU1JUI3JTlFJTI2ZnQlM0QlN0IlN0Q%3D#from=,4.9,西湖古称“钱塘湖”，又名“西子湖”，古代诗人苏轼就对它评价道：“欲把西湖比西子，淡妆浓抹总相宜。”西湖形态为近于等轴的多边形，湖面被孤山及苏堤、白堤两条人工堤分割为5个子湖区，子湖区间由桥孔连通，各部分的湖水不能充分掺混，造成各湖区水质差异，大部分径流补给先进入西侧3个子湖区，再进入外西湖；湖水总面积5.593平方公里;总容积1．10亿立方米，平均水深1．97 米；西湖底质是一种有机质含量特别高的湖沼相沉积，属于粉砂质粘土或粉砂质亚粘土（黑色有机质粘土），中层泥炭层或沼泽土；入湖河流部是短小的溪涧，主要补水河流为金沙涧、龙泓涧和长桥溪泄流。西湖，是一首诗，一幅天然图画，一个美丽动人的故事，不论是多年居住在这里的人还是匆匆而过的旅人，无不为这天下无双的美景所倾倒。,https://imgs.qunarzz.com/sight/p0/1603/87/87146cf32fa8635e90.water.png_710x360_78e8d124.pnghttps://imgs.qunarzz.com/sight/p0/1908/6f/6f7bf234e435bc2ea3.img.jpg_710x360_6f8281ff.jpghttps://imgs.qunarzz.com/sight/p0/1908/a5/a5cf0fcb73676a90a3.img.jpg_710x360_68afd8db.jpghttps://imgs.qunarzz.com/sight/p0/1908/f5/f5e7b96ccac94c62a3.img.jpg_710x360_b9c82656.jpghttps://imgs.qunarzz.com/sight/p0/1905/55/5527be6270af638da3.img.jpg_710x360_e9c196cc.jpghttps://imgs.qunarzz.com/sight/p0/1412/17/392a4c32d52975de4e4d3715b0d54caa.water.jpg_710x360_1f478cdb.jpghttps://imgs.qunarzz.com/sight/p0/1412/7f/3ff167a0b07a9978ead3053c527079e5.water.jpg_710x360_666642c6.jpghttps://imgs.qunarzz.com/sight/p0/1412/e8/2ec8d3c9acf5b5cb050760bb970b75bf.water.jpg_710x360_a64f45cb.jpghttps://imgs.qunarzz.com/sight/p0/1412/27/1d45f1a500fcd39965b92155e4e70b7f.water.jpg_710x360_5f6c7428.jpghttps://imgs.qunarzz.com/sight/p0/1412/d4/5f5a63016fbe41593085dca1e6fd7844.water.jpg_710x360_60f18987.jpghttps://imgs.qunarzz.com/sight/p0/1412/bb/02d87e76a9198fa471495769dbff2e4d.water.jpg_710x360_b5108f64.jpghttps://imgs.qunarzz.com/sight/p0/1412/4a/6f7cd238b8d8b5cc4bdfcef83c72a22d.water.jpg_710x360_ef6fdc4c.jpghttps://imgs.qunarzz.com/sight/p0/1412/2e/b0a48b64bb02bd9c2adeadb67b39166e.water.jpg_710x360_af8e64fb.jpghttps://imgs.qunarzz.com/sight/p0/1412/31/cfd3895d696f927e051e644889e9d3f2.water.jpg_710x360_ec7202eb.jpghttps://imgs.qunarzz.com/sight/p0/1412/c4/ac837c54a4ee698b931f04f386560d50.water.jpg_710x360_0c722eb9.jpghttps://imgs.qunarzz.com/sight/p0/1412/78/31c868c634263a07908f665301890fff.water.jpg_710x360_bff559de.jpghttps://imgs.qunarzz.com/sight/p0/1412/f2/fc74ecb163e9d78b672ee49442905fc2.water.jpg_710x360_9ef485e1.jpghttps://imgs.qunarzz.com/sight/p0/1412/c7/b79cf97cce29b84145763c7767c6d16e.water.jpg_710x360_6c16e161.jpghttps://imgs.qunarzz.com/sight/p0/1412/f1/eac3ca9702975c292010cb728fbdbf6b.water.jpg_710x360_d342810a.jpghttps://imgs.qunarzz.com/sight/p0/1412/b4/561579802b2b2270f60da7dda34f8c68.water.jpg_710x360_28b7c02b.jpghttps://imgs.qunarzz.com/sight/p0/1412/db/25cd8efe8cd12ec5d3464a65c1c2967b.water.jpg_710x360_cc06d28b.jpghttps://imgs.qunarzz.com/sight/p0/201406/23/b76f615f999c8576c94b138fe2697a5c.jpg_710x360_b54a7d6c.jpghttps://imgs.qunarzz.com/sight/p0/1412/8f/cce2c5406fd23990ffeb13a84efeeed1.water.jpg_710x360_e115a7f4.jpghttps://imgs.qunarzz.com/wugc/p231/201306/09/fa844cc4a7bab31593835fbb.jpg_710x360_9b7e2231.jpghttps://imgs.qunarzz.com/sight/p0/1412/d6/1e57cdf531ca469daa7416231d165365.water.jpg_710x360_f8902f19.jpghttps://imgs.qunarzz.com/sight/p0/1412/d6/1e1ba340d36c99be9b2399484fc55253.water.jpg_710x360_da2b3702.jpghttps://imgs.qunarzz.com/sight/p0/1412/9f/258b4714115c930b1eacd2a67073d731.water.jpg_710x360_31f1dedd.jpghttps://imgs.qunarzz.com/sight/p0/1412/72/c9739dcc89e76cda23e0bd417238cc91.water.jpg_710x360_bf8f93d3.jpghttps://imgs.qunarzz.com/sight/p0/1412/8f/1d84d5467776ebd0acf411c701a7cd4f.water.jpg_710x360_3cb00781.jpghttps://imgs.qunarzz.com/sight/p0/1412/a6/363f650aaa695e518630281e2c7b1902.water.jpg_710x360_0c4ae031.jpghttps://imgs.qunarzz.com/sight/p0/1412/6b/1bca02bead1a758298e411b8ffd69454.water.jpg_710x360_e59fc5df.jpghttps://imgs.qunarzz.com/sight/p0/1412/38/c2b276b3ca20d3c9733550e9cf357944.water.jpg_710x360_0d50b6cc.jpghttps://imgs.qunarzz.com/sight/p0/1412/78/1f5e5184dad484088c6ae64a7498b674.water.jpg_710x360_53d22d7e.jpghttps://imgs.qunarzz.com/sight/p0/1501/44/1d254240caf422108390ce0cf25627ac.water.jpg_710x360_3a4c4026.jpghttps://imgs.qunarzz.com/sight/p0/1412/fd/5b88bd861d49a0407a086b2453129fad.water.jpg_710x360_b54ec7cd.jpghttps://imgs.qunarzz.com/sight/p0/1412/8d/e9e8031122b65056311e8d1566537516.water.jpg_710x360_52f6e462.jpghttps://imgs.qunarzz.com/sight/p0/1412/e2/821cdd8d1669cdba63d78ff7d664a8f6.water.jpg_710x360_0b579376.jpghttps://imgs.qunarzz.com/sight/p0/201406/23/b7e5eaad836f3996affe124782e5b1ab.jpg_710x360_6ae08177.jpghttps://imgs.qunarzz.com/sight/p0/201305/10/6caf08d6bad5491bc8d65eac.jpg_710x360_3e4fa6f4.jpghttps://imgs.qunarzz.com/sight/p0/201405/27/85f048a840e906d50cde871d575d096c.jpg_710x360_a8ba2be1.jpghttps://imgs.qunarzz.com/sight/p0/1501/8b/99ea2dc60efc7c784cc3dd235682fe5f.water.jpg_710x360_dc464731.jpghttps://imgs.qunarzz.com/sight/p0/201406/23/245072a8bf3c0dcb6ebba96a6e5f48ef.jpg_710x360_ac1b0399.jpghttps://imgs.qunarzz.com/sight/p0/201406/23/a879fecedb3741b32b1f202ef0336771.jpg_710x360_1a2288c4.jpghttps://imgs.qunarzz.com/sight/p0/1501/6a/38679b46488dd64748b5c1de394eaf37.water.jpg_710x360_6d719e0a.jpghttps://imgs.qunarzz.com/sight/p0/1501/ae/4a44ca90ea23d668110dc7c8d6250178.water.jpg_710x360_23fa0967.jpghttps://imgs.qunarzz.com/wugc/p125/201207/26/242f0b1dd14e8e6293835fbb.jpg_710x360_0ea1ecbb.jpg,总体感觉还不错，导游给人的感觉很舒服 这次安排的演出座位还是移动位，体验极佳。整体下来 让人有所回味的话 对旅游公司来说真的就是成功了吧玩的特别开心，行程安排合理，任导游非常负责，细心讲解，温柔贴心，非常辛苦，很感谢她一路的讲解，推荐推荐这次行程玩的特别舒服，心情特好，因为导游非常棒，人诚实，讲解用心，行程安排没有购物店，景点选的很好，杭州景色优美，老年人玩的也不累，西湖坐游船悠闲。小时候看新白娘子传奇中毒太深了一直都想去雷峰塔看看，这次终于来了😁瞻古迹，学历史，涨知识，更爱国。刘导，态度好，耐心讲解行程和景色都很好，导游讲解十分详细，讲了很多有趣的传说和故事，一天很累，但很开心家里人出去玩的，老人一个人，导游照顾的很好，很不错，谢谢，推荐服务很好，体验很棒，非常满意，总体超赞，导游好好人，讲解好清楚，玩得很开心。买的这个票浪费了，没坐而且还退不了，进去苏堤到处都是码头，随时可以买票的，我们到苏堤看到第一家坐船的以为是网上这个票，结果不是，这个票是环湖，有些码头是去三潭印月可以登岛的，我们又买了这个票去了三潭印月转了一圈再坐船去了白堤登岛船票结束(意思就是只能坐两次)我们在白堤再想坐这个网上买的船票环岛还得回花港观鱼码头，天知道有多远，而且我们在岳王庙那边的码头问了同样是环湖游只要船票35元，所以这个船票完全没必要买，走到哪里想在那里登船再买船票，真的白白浪费了两百多
2754697666,浙江·杭州·淳安县,浙江省杭州市淳安县梦姑路,"119.027854,29.605088",千岛湖,5A景区,75,1330,“天下秀水” | 岛屿星罗棋布,https://imgs.qunarzz.com/sight/p0/2005/1c/1ccff2940b61484ba3.water.jpg_280x200_fbface9d.jpg,https://piao.qunar.com/ticket/detail_2754697666.html?st=a3clM0QlRTYlQjUlOTklRTYlQjElOUYlMjZpZCUzRDY3OCUyNnR5cGUlM0QwJTI2aWR4JTNEMTAlMjZxdCUzRHJlZ2lvbiUyNmFwayUzRDIlMjZzYyUzRFdXVyUyNnVyJTNEJUU2JTlEJUFEJUU1JUI3JTlFJTI2bHIlM0QlRTYlOUQlQUQlRTUlQjclOUUlMjZmdCUzRCU3QiU3RA%3D%3D#from=,4.9,千岛湖，位于浙江省杭州西郊的淳安县境内，东距杭州129公里，西距黄山130公里，是“杭州—千岛湖—黄山”黄金旅游线上的一颗璀璨明珠，1078座翠岛千岛千姿，形成独特的湖上迷宫景观，和旅行爱好者非去不可的胜地。如今的千岛湖，已逐步发展为一个成熟的休闲度假旅游区，这里不止有湖区景观，还有骑行绿道、独具风情的乡村度假村、登山古道和露营基地，以及种类丰富的农业采摘园；这里不止有国际知名度假酒店，还有精品民宿和乡村主题特色酒店；这里不止有有机湖鲜，还有山珍野味和农家味道……一年四季都有新玩法的千岛湖，以完善的“淳式”生活迎接着世界各地的每一位心灵旅者。,https://imgs.qunarzz.com/sight/p0/2005/1c/1ccff2940b61484ba3.water.jpg_710x360_18756520.jpghttps://imgs.qunarzz.com/sight/p0/2005/d3/d3f5d7b0a8ed596da3.water.jpg_710x360_9bd33806.jpghttps://imgs.qunarzz.com/sight/p0/2005/d9/d93fa06663a9d6dba3.water.jpg_710x360_5dce9e64.jpghttps://imgs.qunarzz.com/sight/p0/1710/bb/bb5de6fbc2e57daea3.water.jpg_710x360_a80cb217.jpghttps://imgs.qunarzz.com/sight/p0/1804/3c/3c1d865ea3175504a3.img.jpg_710x360_32fff2b3.jpghttps://imgs.qunarzz.com/sight/p0/1803/e3/e35828832c14d4fea3.img.jpg_710x360_a5caff0a.jpghttps://imgs.qunarzz.com/sight/p0/1710/2c/2c65229975c5c26ba3.water.jpg_710x360_1d13cfda.jpghttps://imgs.qunarzz.com/sight/p0/1710/f7/f763c5854913bda6a3.water.jpg_710x360_db091a0d.jpghttps://imgs.qunarzz.com/sight/p0/201405/27/87f890bce627376bda02618a0582957a.jpg_710x360_ff7510d0.jpghttps://imgs.qunarzz.com/sight/p0/201405/27/85c8a6c6f70a27e41043f2387253407c.jpg_710x360_b7cdff0a.jpghttps://imgs.qunarzz.com/sight/p0/1710/da/da50f95cdc34ffe9a3.water.jpg_710x360_a9de41e9.jpghttps://imgs.qunarzz.com/sight/p0/201405/27/deb3cdb8f49017e30af7b030ca2486d9.jpg_710x360_41c2e96c.jpghttps://imgs.qunarzz.com/sight/p0/1710/11/11a00b46e158fbd0a3.water.jpg_710x360_48b0f5a0.jpghttps://imgs.qunarzz.com/sight/p0/201405/27/9bbfed3afd56f6bfa4f70da95a3d1f36.jpg_710x360_0613d4c3.jpghttps://imgs.qunarzz.com/sight/p0/201405/27/e29bde23e844289a8f2d2674daab4c35.jpg_710x360_71644014.jpghttps://imgs.qunarzz.com/sight/p0/201403/04/a5420706a778e338252303b43546bbc3.jpg_710x360_ca33a01a.jpghttps://imgs.qunarzz.com/sight/p0/201403/04/cd5f5fbae63c71f4bc98d7dee9b38e7a.jpg_710x360_bdfe0697.jpghttps://imgs.qunarzz.com/sight/p0/201306/20/4e72e511180fc92bc8d65eac.jpg_710x360_4bb1f335.jpghttps://imgs.qunarzz.com/sight/p0/201306/20/dc427d78531565adc8d65eac.jpg_710x360_85908854.jpghttps://imgs.qunarzz.com/sight/p0/201306/20/ea76f4be593f9caac8d65eac.jpg_710x360_c89eaf94.jpghttps://imgs.qunarzz.com/sight/p0/201305/09/accbef13c7bbe9c2c8d65eac.jpg_710x360_a5bc5cca.jpg,"非常满意的一次住宿，周围风景超靓，房间采光通风好，有厨具能做饭，阳台超大，有掉椅可以慢慢摇，欣赏美景。有地下车库，停车免费。门口有公交可以到景点。旁边就是客运站，去哪儿都方便。客服态度很好，微信随时回。如此价格，超值！五星好评！如果你只有一天游玩预算，选东南湖区如果有两天，先东南原生态，风景好，累，是有点，老人看体力风景很美，逛了三个岛，岛不大，自由活动时间很短，趣味性小，大部分时间都在船上，加33元升到二层船舱，可以在甲板上自由走动拍照千岛湖雾蒙蒙的天也是这么美！非常的不错，导游服务到位，比光门票的方便多了！推荐一下千岛千面，璧水蓝天，无污染，天然混一，叹为观止！周导的服务也非常好，一路给旅途增添几分兴致！千岛湖的鱼头非常鲜美，建议大家品尝！戴导全程服务很用心，讲解细致，点个赞！千岛湖景色非常棒，这条游船游览的线路非常值得推荐，下次有机会还回来。行程安排很合理、黄导游非常细心、车上一路讲解。这个路线还是比较轻松的。鱼头还蛮大的、味道不错！天气好的话景色还是很不错的、值得推荐！黄导在旅途上的讲解认真详细,一般跟团都是在大巴车上睡觉的，但这次没有睡在认真的听着导游讲解，第一次感觉听导游讲解挺有趣的，能学习并思考到不少东西。整个旅行中旅行社也对游客体谅负责，专业且值得推荐。东南湖的人还是要少些，在黄山尖上看到的千岛湖很值。纯粹豪华休闲游！舒服，不累！"
1148119116,浙江·金华·横店影视城,浙江省金华东阳市横店影视城内,"120.324056,29.144327",横店梦幻谷,5A景区,197.8,1132,集娱乐、夜间影视体验、自然风貌于一体,https://imgs.qunarzz.com/sight/p0/1904/28/285afc9f1aa3b749a3.water.jpg_280x200_978a700f.jpg,https://piao.qunar.com/ticket/detail_1148119116.html?st=a3clM0QlRTYlQjUlOTklRTYlQjElOUYlMjZpZCUzRDIwMTIlMjZ0eXBlJTNEMCUyNmlkeCUzRDklMjZxdCUzRHJlZ2lvbiUyNmFwayUzRDIlMjZzYyUzRFdXVyUyNnVyJTNEJUU2JTlEJUFEJUU1JUI3JTlFJTI2bHIlM0QlRTYlOUQlQUQlRTUlQjclOUUlMjZmdCUzRCU3QiU3RA%3D%3D#from=,4.9,景区包括梦文化村、水世界、儿童梦工厂、江南水乡四大区域，是一个以火山爆发、暴雨山洪等各种自然现象及自然风貌展示为主，配以各种游乐设施和演艺活动等内容的大型夜间影视体验主题公园。可观看火山实景演艺——《梦幻太极》，体验国内首家灾难实景演艺——《暴雨山洪》，欣赏中国首台励志儿童音乐剧《小鸟加油》，还可参加夜横店狂欢野舞火把节/泼水节(夏季)。,https://imgs.qunarzz.com/sight/p0/1904/28/285afc9f1aa3b749a3.water.jpg_710x360_c0321671.jpghttps://imgs.qunarzz.com/sight/p0/1903/85/85d08e489fd51cf6a3.img.jpg_710x360_007963bc.jpghttps://imgs.qunarzz.com/sight/p0/1903/7e/7e3812742af1b0c3a3.img.jpg_710x360_3f207b17.jpghttps://imgs.qunarzz.com/sight/p0/1906/81/815d80a63d7e8079a3.img.jpg_710x360_126034bb.jpghttps://imgs.qunarzz.com/sight/p0/1906/40/40877efbde2f91d9a3.img.jpg_710x360_4503be10.jpghttps://imgs.qunarzz.com/sight/p0/1903/71/71871e059b5b01eea3.img.jpg_710x360_5de31d5d.jpghttps://imgs.qunarzz.com/sight/p0/1903/4f/4fe4ab61db19441ea3.img.jpg_710x360_e8cc03b1.jpghttps://imgs.qunarzz.com/sight/p0/1903/d7/d7f6543b4fcd57c6a3.img.jpg_710x360_b1454580.jpghttps://imgs.qunarzz.com/sight/p0/1903/6f/6f14978b9984a511a3.img.jpg_710x360_6761f493.jpghttps://imgs.qunarzz.com/sight/p0/1903/68/680cd6c1c34b6ddba3.img.jpg_710x360_d87d55a2.jpghttps://imgs.qunarzz.com/sight/p0/1903/b8/b80e658542088b2da3.img.jpg_710x360_6d5782b3.jpghttps://imgs.qunarzz.com/sight/p0/1903/17/170a7f631449d3a7a3.img.jpg_710x360_bbbb0c0d.jpghttps://imgs.qunarzz.com/sight/p0/1903/6e/6e33c713f1756b82a3.img.jpg_710x360_3aa4086e.jpghttps://imgs.qunarzz.com/sight/p0/1903/1f/1f10e082802fcb56a3.img.jpg_710x360_db80f2e6.jpghttps://imgs.qunarzz.com/sight/p0/1903/ba/ba0e2d898d14bc44a3.img.jpg_710x360_aaec04f0.jpghttps://imgs.qunarzz.com/sight/p0/1903/62/62c4c03ae3b99f70a3.img.jpg_710x360_ac5cf99a.jpghttps://imgs.qunarzz.com/sight/p0/1903/39/39f7e4a95b21aa5ca3.img.jpg_710x360_38c9f098.jpghttps://imgs.qunarzz.com/sight/p0/1903/f6/f6eb51d24bb05c33a3.img.jpg_710x360_f470abf0.jpghttps://imgs.qunarzz.com/sight/p0/1903/9b/9b0542ba079dbf65a3.img.jpg_710x360_902b92a0.jpghttps://imgs.qunarzz.com/sight/p0/1903/b4/b48de259553f8440a3.img.jpg_710x360_d884053a.jpghttps://imgs.qunarzz.com/sight/p0/1903/d0/d05039f0b84a3e72a3.img.jpg_710x360_1d3d9fb5.jpghttps://imgs.qunarzz.com/sight/p0/1903/49/49b533724114afdda3.img.jpg_710x360_3919f14e.jpghttps://imgs.qunarzz.com/sight/p0/1903/17/17c19e6fd7bdf45fa3.img.jpg_710x360_ef4899ce.jpghttps://imgs.qunarzz.com/sight/p0/1903/44/44c6db1f35f281f6a3.img.jpg_710x360_c94e05f8.jpghttps://imgs.qunarzz.com/sight/p0/1903/be/bed9c6e562f98dc9a3.img.jpg_710x360_4e5b8129.jpghttps://imgs.qunarzz.com/sight/p0/1903/2c/2c9f1b5a8bd8d3dda3.img.jpg_710x360_b7c17fc2.jpg,非非非非非常好玩，因为刚开园不久人不是很多，很多项目都可以玩好多次，不用怎么排队，大家可以趁现在刚入夏多去几次，好多项目刺激好玩两个大人带着两小的去这个价真是划算，关键就是去看节目很好看，可惜秦王宫里还有两节目带着小的不能去看，舞台效果太震撼了。小孩太小梦幻谷里只有很少的几个可以玩，等小孩大点在去挺不错的🤗场面说实话和河南清明上河图相差甚远，有心里落差，欢乐谷节目紧凑，干不了其他事，最后一个节目有点无趣。喜欢玩游乐设施的可以来。很好玩 没过瘾 下次还要去玩很好玩，值的一去，两个女儿每年要去玩去一次。百玩不厌梦幻谷景区节目精彩.服务态度也很不错哦.强烈推荐暑假末买的票，很值，三个景点➕梦幻谷两日游双人套票才四百多。很好玩值得一来，不错的选择太好玩了，演出也很震撼很愉快得一次旅行，玩的超级好玩，孩子很喜欢，说过几天还要来
3924856566,浙江·金华·东阳市,浙江省金华东阳市横店镇横店影视城,"120.345446,29.162213",横店影视城,5A景区,274.3,1638,被誉为“中国好莱坞”,https://imgs.qunarzz.com/sight/p0/1905/44/44c6db1f35f281f6a3.water.jpg_280x200_0f7640de.jpg,https://piao.qunar.com/ticket/detail_3924856566.html?st=a3clM0QlRTYlQjUlOTklRTYlQjElOUYlMjZpZCUzRDcxMzMlMjZ0eXBlJTNEMCUyNmlkeCUzRDglMjZxdCUzRHJlZ2lvbiUyNmFwayUzRDIlMjZzYyUzRFdXVyUyNnVyJTNEJUU2JTlEJUFEJUU1JUI3JTlFJTI2bHIlM0QlRTYlOUQlQUQlRTUlQjclOUUlMjZmdCUzRCU3QiU3RA%3D%3D#from=,4.9,横店位于东阳市，地处浙中黄金旅游线上，与中国小商品城义乌相距36公里。横店是扬名中外的“东方好莱坞”。横店影视城下辖12个影视拍摄基地，总计用地4963亩，建筑面积495995平方米。影视城共有八大景区，分别是秦王宫景区、清明上河图景区、江南水乡景区、大智禅寺景区、广州街香港街景区以及明清宫苑、屏岩洞府景区、明清民居博览城。今天的横店影视城不仅以八大特色外景基地吸引着中外影视中人和旅游者，还建起了横店集团展览馆、东阳人才博览馆、东阳木雕陈列馆、严济慈纪念馆等一批文化教育馆园，以及度假村、文化村、娱乐村等一批休闲娱乐场所。此外，横店的南上湖公园、凤凰山公园和典型火山椎八面山景区都是值得一游的地方。在这里，一共诞生了《汉武大帝》、《宫锁心玉》、 《步步惊心》、《甄嬛传》）等400多部影视剧。一年四季都有各大剧组在此拍戏，各大景区随时都能看到身穿戏袍的明星演员。在影视城内有一条万盛美食街，这里几乎聚集了世界各地和中国各地的风味美食，其中有重庆风味的奇奇火锅、金华特色的“酸菜黑鱼煲”等等。,https://imgs.qunarzz.com/sight/p0/1905/44/44c6db1f35f281f6a3.water.jpg_710x360_bad489bd.jpghttps://imgs.qunarzz.com/sight/p0/1706/df/df78a0f9453e7a4fa3.water.jpg_710x360_0d2e03bc.jpghttps://imgs.qunarzz.com/sight/p0/1905/b0/b0201b85a14c12baa3.img.jpg_710x360_63befabc.jpghttps://imgs.qunarzz.com/sight/p0/1704/fc/fcdc2c156409e221a3.water.jpg_710x360_3bfa6206.jpghttps://imgs.qunarzz.com/sight/p0/1905/92/929b54b90ceb2b91a3.img.jpg_710x360_b26de0c0.jpghttps://imgs.qunarzz.com/sight/p0/1905/a3/a3c20668fe2a855da3.img.jpg_710x360_adddf0d1.jpghttps://imgs.qunarzz.com/sight/p0/1905/43/43e5df60adeac695a3.img.jpg_710x360_ce370604.jpghttps://imgs.qunarzz.com/sight/p0/1706/31/31c2360540d09d58a3.water.jpg_710x360_4c106e0a.jpghttps://imgs.qunarzz.com/sight/p0/1905/b7/b74ddb673c9304da3.img.jpg_710x360_baed075e.jpghttps://imgs.qunarzz.com/sight/p0/1706/1a/1aace489d93a6531a3.water.jpg_710x360_b8cad654.jpghttps://imgs.qunarzz.com/sight/p0/1706/d4/d4a35a97bbaeef95a3.water.jpg_710x360_a0567a5b.jpghttps://imgs.qunarzz.com/sight/p0/1706/5a/5a19b20334b52e1aa3.water.jpg_710x360_1f37d5d4.jpghttps://imgs.qunarzz.com/sight/p0/1706/58/5846a3219923372ba3.water.jpg_710x360_89fa8078.jpghttps://imgs.qunarzz.com/sight/p0/1706/e0/e088ea9038ea8c66a3.water.jpg_710x360_f75f99e5.jpghttps://imgs.qunarzz.com/sight/p0/1905/34/34ddeb3cd54093d9a3.img.jpg_710x360_92f29e32.jpghttps://imgs.qunarzz.com/sight/p0/1706/58/583419d3ae46ff66a3.water.jpg_710x360_59389b9a.jpghttps://imgs.qunarzz.com/sight/p0/1706/36/36e5fdf0b66cb9eea3.water.jpg_710x360_b3558b7b.jpghttps://imgs.qunarzz.com/sight/p0/1704/2b/2bfc3dd55510ef7ea3.water.jpg_710x360_ca044052.jpghttps://imgs.qunarzz.com/sight/p0/1905/77/772abae2d454b905a3.img.jpg_710x360_1845feb2.jpghttps://imgs.qunarzz.com/sight/p0/1706/c5/c5264943fb23ecdda3.water.jpg_710x360_41505620.jpghttps://imgs.qunarzz.com/sight/p0/1905/1e/1e6d16325c7abcd2a3.img.jpg_710x360_c4541e21.jpghttps://imgs.qunarzz.com/sight/p0/1704/3f/3ff62a45c16f3761a3.water.jpg_710x360_bdc831f6.jpghttps://imgs.qunarzz.com/sight/p0/1706/c5/c5e2ca962e3b46ba3.water.jpg_710x360_ace1d4c7.jpghttps://imgs.qunarzz.com/sight/p0/1704/fd/fd92216e7bd7c9ada3.water.jpg_710x360_7752d59e.jpghttps://imgs.qunarzz.com/wugc/p116/201208/23/00841e2bc6ec93a593835fbb.jpg_710x360_589abd9f.jpghttps://imgs.qunarzz.com/sight/p0/1706/15/1518cc93efb62b68a3.water.jpg_710x360_2b868cb2.jpghttps://imgs.qunarzz.com/sight/p0/1905/e3/e30d65af7755d962a3.img.jpg_710x360_9cd7c40f.jpghttps://imgs.qunarzz.com/sight/p0/1706/cf/cf643f723752cbd5a3.water.jpg_710x360_3a317c1f.jpghttps://imgs.qunarzz.com/sight/p0/1905/64/64c4969d41001715a3.img.jpg_710x360_0cbc9f00.jpghttps://imgs.qunarzz.com/sight/p0/1905/6d/6d72380b4b95e055a3.img.jpg_710x360_456f550e.jpghttps://imgs.qunarzz.com/sight/p0/1706/49/49003d8737a78a95a3.water.jpg_710x360_5e70bf58.jpg,秦王宫真的很气派，适合汉服拍照打卡。梦幻谷适合小朋友们玩，只是假期排队太久，小朋友不愿意等。清明上河图表演很棒，同样适合古风拍照。明清宫苑因为4号去的，完美错过我的成毅哥哥，比较遗憾，不过98元一次的换装体验升职记，还是很开心的！！总体来说，项目都适合情侣夫妻闺蜜一起，带着老人小孩可以逛逛其他下次来还可以再来一次。园明新苑确实不错的。非常不错的地方，非常值得推荐来玩。园民新苑非常好买的套票，一日三景点，时间有点赶，春苑太大，建议租个自行车，半天都逛不完，清明上河图有很多拍戏的，租车的讲价，不过比较小，时间多的可以不用租车，有个汴梁一梦很不错，秦王宫就是看宫殿，像我没有历史知识的就觉得没什么好看的，由于时间关系，里面的表演也没赶上看，每个景点都可免费寄存行李，很方便。玩的挺好的，就是有点热比第一次来的时候增加了好多项目，这次了秦王宫，清明上河图，汴凉一梦真的非常值得推荐玩了两天，虽然有点匆忙，意犹未尽，但是总体上非常满足表演很精彩.要合理安排出行时间表演分时间段.表演有四个地方时间点不同.按照时间.选择好路线.汴梁一梦最值得看.灯光舞美特效最好.景区商店物品价格也比较合适和外面比只是稍微贵点.出来玩就是为了开心.路面路牌提示明确.套餐和合理.酒店也很不错.很有主题
3413962493,浙江·嘉兴·桐乡市,浙江省嘉兴市桐乡市乌镇石佛南路18号,"120.494465,30.754749",乌镇,5A景区,110,2346,鱼米之乡，丝绸之府,https://imgs.qunarzz.com/sight/p0/1603/5d/5dd523afbdbb037c90.water.jpg_280x200_1b84ec07.jpg,https://piao.qunar.com/ticket/detail_3413962493.html?st=a3clM0QlRTYlQjUlOTklRTYlQjElOUYlMjZpZCUzRDEzMjMxJTI2dHlwZSUzRDAlMjZpZHglM0Q2JTI2cXQlM0RyZWdpb24lMjZhcGslM0QyJTI2c2MlM0RXV1clMjZ1ciUzRCVFNiU5RCVBRCVFNSVCNyU5RSUyNmxyJTNEJUU2JTlEJUFEJUU1JUI3JTlFJTI2ZnQlM0QlN0IlN0Q%3D#from=,4.9,乌镇位于浙江省桐乡市北端，距桐乡市区13公里，与周庄、同里、甪直、西塘、南浔并称为江南六大古镇，素有“鱼米之乡，丝绸之府”美称。作为典型江南水乡，乌镇完整地保存着原有晚清和民国时期水乡古镇的风貌和格局。以河成街，街桥相连，依河筑屋，水镇一体，组织起水阁、桥梁、石板巷等独具江南韵味的建筑因素。乌镇曾名乌墩和青墩，具有六千余年悠久历史，是典型的江南水乡古镇，素有“鱼米之乡，丝绸之府”之称。十字形的内河水系将全镇划分为东南西北四个区块，当地人分别称之为“东栅、南栅、西栅、北栅”。乌镇完整地保存着原有晚晴和民国时期水乡古镇的风貌和格局，街道、民居皆沿溪、河而造，街桥相连，水镇一体组织起水阁、桥梁、石板巷、茅盾故居等独具江南韵味的建筑因素，正所谓“人家尽枕河”。因此桥是乌镇不可或缺的，现存30多座120多座，是真正的“百步一桥”。择一两日在江南的梅雨季节到来之时，来到乌镇静静享受慢时光是许多人梦寐以求的休闲方式。清晨的乌镇一如着了古朴素群的少女，静默着等待爱人；夜晚的古镇又似一位哀愁的闺怨妇人，回眸点点洒落一河星子。恍惚来到《追忆似水年华》的故事里。,https://imgs.qunarzz.com/sight/p0/1603/5d/5dd523afbdbb037c90.water.jpg_710x360_4f94dc5e.jpghttps://imgs.qunarzz.com/sight/p0/1909/9f/9fab7ae0890c6023a3.img.jpg_710x360_7ca0ef37.jpghttps://imgs.qunarzz.com/sight/p0/1412/af/03f05e00b14e2ba10bee9acb6fd6ef71.water.jpg_710x360_8c42aff3.jpghttps://imgs.qunarzz.com/sight/p0/1412/14/cc393146879adbaeb7700a54525a5278.water.jpg_710x360_2e587acb.jpghttps://imgs.qunarzz.com/sight/p0/1412/64/ad0f702f48219a7f6f9cfe6c64599c63.water.jpg_710x360_1cdfe847.jpghttps://imgs.qunarzz.com/sight/p0/1412/39/40118e4fbafcd52d489f7a5f8663393b.water.jpg_710x360_523380a9.jpghttps://imgs.qunarzz.com/sight/p0/1412/9f/88aa5088b37632e68df27f3186d43cd1.water.jpg_710x360_3ea5429d.jpghttps://imgs.qunarzz.com/sight/p0/1507/1b/e0b79a19d7607f8d53d7783f30e40f46.water.jpg_710x360_067f9a28.jpghttps://imgs.qunarzz.com/sight/p0/1507/c4/c2b8407c9536b4e25b6296e4fdaecba8.water.jpg_710x360_06da5102.jpghttps://imgs.qunarzz.com/sight/p0/1507/35/bda16b29f83b5b5341c18baa75fb1024.water.jpg_710x360_008e64cb.jpghttps://imgs.qunarzz.com/sight/p0/1507/1b/e0b79a19d7607f8d53d7783f30e40f46.water.jpg_710x360_067f9a28.jpghttps://imgs.qunarzz.com/sight/p0/1507/d7/8f09f36f79fdba97bd17eeab88390034.water.jpg_710x360_07943d82.jpghttps://imgs.qunarzz.com/sight/p0/1507/ed/165c58934345dbefdcccfbe35c82830c.water.jpg_710x360_b50f0aa8.jpghttps://imgs.qunarzz.com/sight/p0/1412/97/7a82745eeab480370103365e5e8ce67e.water.jpg_710x360_2a55be8b.jpghttps://imgs.qunarzz.com/sight/p0/1412/25/84d44dc0b6c736a7e7e1f08510a9542a.water.jpg_710x360_17358b8d.jpghttps://imgs.qunarzz.com/sight/p0/1412/57/e03e2279eeb963a4843559edbde9042a.water.jpg_710x360_b4c7f6fe.jpghttps://imgs.qunarzz.com/sight/p0/1412/97/377dcbc970bca6596d7e37b292d9f74d.water.jpg_710x360_51003faf.jpghttps://imgs.qunarzz.com/sight/p0/1412/54/3e8967269b81a6a5bab786d7e5727d15.water.jpg_710x360_a5376fa6.jpghttps://imgs.qunarzz.com/sight/p0/1412/45/0de525a3df3720dcb86b2e4713f70ed6.water.jpg_710x360_40f4e447.jpghttps://imgs.qunarzz.com/sight/p0/1412/50/df5d3e9a43785227a9e98bd863d6bb30.water.jpg_710x360_d074a31c.jpghttps://imgs.qunarzz.com/sight/201401/07/12560b1bf29dc764c8d65eac.jpg_710x360_c3265f42.jpghttps://imgs.qunarzz.com/sight/p0/1412/28/705a63590f57316534ede58aa5ab2710.water.jpg_710x360_699df118.jpghttps://imgs.qunarzz.com/sight/p0/1412/c7/a44da08ac97d836fbda0ccd6f43870d6.water.jpg_710x360_aa0cb697.jpghttps://imgs.qunarzz.com/sight/201401/07/de53cb4714b69828c8d65eac.jpg_710x360_afa516a8.jpghttps://imgs.qunarzz.com/sight/p0/1412/5b/01848cb6fbb90623c2c045b0a0097a92.water.jpg_710x360_6833618d.jpghttps://imgs.qunarzz.com/sight/201402/21/dbd83a79b6e195bcc8d65eac.jpg_710x360_c6daed27.jpghttps://imgs.qunarzz.com/sight/p0/1412/11/e757f10f297c06870e8861c4a7fdb5c8.water.jpg_710x360_a1feec0e.jpghttps://imgs.qunarzz.com/sight/201406/10/342a6d2e2282be37c8d65eac.jpg_710x360_5a8456ae.jpghttps://imgs.qunarzz.com/sight/p0/1412/ea/0eea495391dd0c93e2058dba4e61d03d.water.jpg_710x360_ec664d79.jpghttps://imgs.qunarzz.com/sight/p0/1412/43/af07edc7c708e0d38fa249acb8c80af8.water.jpg_710x360_128c0ffb.jpghttps://imgs.qunarzz.com/sight/p0/1507/60/60a452c20762c793.img.jpg_710x360_00ce42aa.jpghttps://imgs.qunarzz.com/sight/p0/1507/1c/1c9042fb370fd48b.img.jpg_710x360_58a29cc0.jpghttps://imgs.qunarzz.com/sight/p0/1507/ed/165c58934345dbefdcccfbe35c82830c.water.jpg_710x360_b50f0aa8.jpghttps://imgs.qunarzz.com/sight/p0/1507/c4/c2b8407c9536b4e25b6296e4fdaecba8.water.jpg_710x360_06da5102.jpghttps://imgs.qunarzz.com/sight/p0/1507/ce/ce388ce583dfaba2.img.jpg_710x360_68d24c97.jpghttps://imgs.qunarzz.com/sight/p0/1507/d7/8f09f36f79fdba97bd17eeab88390034.water.jpg_710x360_07943d82.jpghttps://imgs.qunarzz.com/sight/p0/1507/35/bda16b29f83b5b5341c18baa75fb1024.water.jpg_710x360_008e64cb.jpghttps://imgs.qunarzz.com/sight/p0/1412/e9/88f8cd976c96fa929342df7d41d41c26.water.jpg_710x360_3b23494a.jpghttps://imgs.qunarzz.com/wugc/p240/201308/01/e0f03ad1c344543393835fbb.jpg_710x360_3e7b23a4.jpghttps://imgs.qunarzz.com/wugc/p28/201308/01/405953dfc75d587893835fbb.jpg_710x360_a52f8822.jpghttps://imgs.qunarzz.com/wugc/p223/201308/01/a4ce2dd24502c19093835fbb.jpg_710x360_2ec8ac23.jpghttps://imgs.qunarzz.com/wugc/p32/201308/01/da1d49b9d529f06393835fbb.jpg_710x360_4ecc4ab7.jpghttps://imgs.qunarzz.com/wugc/p90/201308/01/5cd9edd4775cf7f893835fbb.jpg_710x360_6d03f903.jpghttps://imgs.qunarzz.com/wugc/p173/201307/16/c7d2bbbca816d14a93835fbb.jpg_710x360_3567cdbe.jpghttps://imgs.qunarzz.com/wugc/p152/201307/04/28e15416e56cc41593835fbb.jpg_710x360_1cb965b5.jpghttps://imgs.qunarzz.com/wugc/p0/201307/04/64d5b6829a0e2bd493835fbb.jpg_710x360_869a1835.jpghttps://imgs.qunarzz.com/wugc/p156/201307/04/1539dbc43efd90a393835fbb.jpg_710x360_92d00c7a.jpghttps://imgs.qunarzz.com/wugc/p134/201307/04/6edd486af839c74493835fbb.jpg_710x360_de5b0512.jpghttps://imgs.qunarzz.com/wugc/p27/201306/26/b811194fbd71e01293835fbb.jpg_710x360_d2f518b8.jpghttps://imgs.qunarzz.com/wugc/p155/201306/26/812d7954bd99f2d893835fbb.jpg_710x360_cb617c14.jpghttps://imgs.qunarzz.com/wugc/p57/201306/26/1dcf6464548901d793835fbb.jpg_710x360_8bdba88d.jpghttps://imgs.qunarzz.com/wugc/p159/201306/26/77c3cadea0f2f09893835fbb.jpg_710x360_9cf1c10f.jpghttps://imgs.qunarzz.com/wugc/p70/201306/14/323d90a3a07b119993835fbb.jpg_710x360_2fdd96bd.jpghttps://imgs.qunarzz.com/sight/p0/201305/08/6c03fae999330eddc8d65eac.jpg_710x360_4021e38f.jpghttps://imgs.qunarzz.com/sight/p0/201305/08/b8138ce7686144cfc8d65eac.jpg_710x360_6fc07c58.jpghttps://imgs.qunarzz.com/sight/p0/201305/08/47d57c67a63cd8fec8d65eac.jpg_710x360_7e0f270e.jpghttps://imgs.qunarzz.com/sight/p58/201211/06/6ee0468a22a4d9bd93835fbb.jpg_710x360_4b49ecb0.jpghttps://imgs.qunarzz.com/sight/p80/201211/06/b6713adc27ce2f6f93835fbb.jpg_710x360_932b3dc7.jpghttps://imgs.qunarzz.com/sight/p48/201211/02/0268dfc8a6ca5e0693835fbb.jpg_710x360_f57a33aa.jpg,走过东北、华北、西北、华中、华南，唯有江南永远不会让人失望。即便所见都是资本廉价的复刻与重现，最后依旧还有所尝到的时光积淀。苏菜那一丝涌动着着幸福感的甜，是对苦中作乐的人生态度最生动的诠释。王导服务非常专业，态度热情，认真负责，因着她的指引，这一天过得非常充实。凌导不错，人很好，还送了小礼物，景色很美青青石板路，一步步都在感受着时间的沉淀 历史的推移，偶尔停下来，用心去感受～风轻轻吹，水缓缓流，静静地看着河中小船摇曳……时间在这一刻仿佛也慢了下来～乌镇位于浙江省桐乡市北端，与周庄、同里、甪直、西塘、南浔并称为“江南六大古镇”，有六千年历史。最不值得买票的景区，东栅根本不需要买票就能从其他地方进去，而且除了看房子里面的死物需要门票才能进，去看小桥流水更本不用买票，里面很多景点都关门不开放，只能参观死物。西栅比东栅好一点，但是也是不值票价，东西联票100我都觉得不值，景区没有一点表演节目。油菜地说是花海，只有一个婚船两个人在船上说新年好，算是节目。总得来说不值得带孩子报了一日游，早上九点有专车来酒店附近接，早上先去的东栅，看了看人文故居，中午饭后三点到了西栅，进去先坐了游船，然后慢慢往回逛着，享受着江南水乡的慢生活，虽然天气很热，但是更加映照出西栅水乡的美！张导很负责任，从头一晚的接待联系到早上订车接我们，再到一路的讲解都很认真详细！值得推荐！行程安排很合理，半自由行，深度体验烟雨江南的风韵。导游也很热情负责任，讲解非常到位，学到了很多知识。乌镇太美啦！还想来！旅行社靠谱！小胡导游尽职尽责，所以是一次很开心、满意的旅行，旅行过程中，帮助游客辨别真伪，理性消费，是现在旅游行业中具有正能量的工作人员。给小胡导游点点赞。早上的专车接送提供了很大的便利，到了景点，导游小胡仔细耐心的为我们介绍讲解乌镇的各个参观点，并且在畅玩乌镇自由行的时候，给了我们很多贴心的提示。再次感谢导游小胡，使得我们这次旅途非常愉悦。非常推荐，服务很好，总体超赞，体验很棒。。一天旅行下来没有购物没有自费。强烈推荐携程自营，服务就是不一样。。特别完美的一次出游，带队的张导游业务能力强，谈吐幽默风趣，人也很亲切，让游客感受到了家的感觉，并且对每个景点都详细地讲解了哪里好玩，哪里好拍，哪里好吃，让游客更加深入地体会到了当地的风土人情以及自然景观，总体感觉非常赞。此外，西栅真的值得游玩，景色宜人，无论是白天还是夜晚都各有特色，有机会一定要来游玩一次，真是不虚此行。七年之后，再来一场杭州之旅，暖风熏得游人醉，空气中都是橘子花、柚子花、香樟花、金银花、苦楝花甜甜的味道，走在乌镇东栅西栅的小巷，宛若鲁迅笔下的百草园、三味书屋，联想到祥林嫂、孔乙己、茴香豆、社戏，又像是戴望舒的《雨巷》，或者是江珊的《梦里水乡》，忆江南，最忆是杭州。谢谢小张导游带我们来一场与春天的赴宴，寻梦乌镇！
1064944660,浙江·杭州·灵隐景区,浙江省杭州市西湖区灵隐路法云弄1号,"120.106626,30.241491",灵隐寺,5A景区,45,2351,江南禅宗“五山”之一,https://imgs.qunarzz.com/sight/p0/1812/5a/5a4129c70246ac2da3.img.jpg_280x200_335affab.jpg,https://piao.qunar.com/ticket/detail_1064944660.html?st=a3clM0QlRTYlQjUlOTklRTYlQjElOUYlMjZpZCUzRDQ2Mjk4OSUyNnR5cGUlM0QwJTI2aWR4JTNENSUyNnF0JTNEcmVnaW9uJTI2YXBrJTNEMiUyNnNjJTNEV1dXJTI2dXIlM0QlRTYlOUQlQUQlRTUlQjclOUUlMjZsciUzRCVFNiU5RCVBRCVFNSVCNyU5RSUyNmZ0JTNEJTdCJTdE#from=,5.0,灵隐寺又称“云林寺”，坐落于西湖西面的灵隐山麓。寺内环境清幽，是杭州最早的名刹，留存着各朝代众多精美文物。这里是济公的出家地，据说求愿很灵验，每天来礼佛祈福的香客络绎不绝。一千七百年的风雨，使灵隐寺成为历史与文化的宝库：天王殿上悬“云林禅寺”匾额，为清康熙帝所题；大雄宝殿前的石塔、天王殿前的石经幢均是五代十国吴越时的遗物；寺内珍藏的佛教文物有古代贝叶写经、东魏镏金佛像、明董其昌写本《金刚经》、清雍正木刻龙藏等珍贵宝物。灵隐寺还是“济公”道济和尚出家的寺庙，在道济禅师殿中供奉的一尊右手拿破扇、左手持念珠、右脚搁在酒缸上的佛像便是济公像。灵隐寺背靠北高峰、面朝飞来峰，飞来峰虽然山不高，但山上有许多奇幻多变的洞壑，更遍布着五代以来的佛教石窟造像多达三百四十余尊，是我国江南少见的古代石窟艺术瑰宝。寺庙常年香火旺盛，特别是在初一、十五或者佛教盛日，善男信女从四面八方而来，更是人山人海。,https://imgs.qunarzz.com/sight/p0/1812/5a/5a4129c70246ac2da3.img.jpg_710x360_f5de3fa3.jpghttps://imgs.qunarzz.com/sight/p0/1812/b7/b70b082dab785f22a3.img.jpg_710x360_ece20df7.jpghttps://imgs.qunarzz.com/sight/p0/1812/42/42efe32e26728f04a3.img.jpg_710x360_9c2f3d61.jpghttps://imgs.qunarzz.com/sight/p0/1812/49/4903a3aa921b1a85a3.img.jpg_710x360_d00dbaf6.jpg,玩得开心，导游很不错，景色太棒啦导游认真负责，很不错的一次体验凌导非常耐心认真！服务态度也很好！乌镇一日游不错😊烟雨江南，虽然有点下雨，但是这次的旅行非常愉快。去到的景点每到一处景点导游都讲解的非常细致，景点的风景美丽，性价比高，虽说是一日游但行程安排的合理，并没觉得累，真心不错的选择，非常棒。来之前很多人都说西湖没什么看头，来了才觉得一步一景不是浪得虚名的，超级美，导游郑姐姐也很好，有导游最好的好处就是不走冤枉路，而且能知道来历感觉除了美景更是文化历史的沉淀。如果带小朋友或者老人，极力推荐体验非常好，娜娜导游也很负责任，人很好小张导游很热情，西栅夜景很漂亮，值得一去，旅游特别愉快！跟想象中一样，司机开车特别稳，导游热情又可爱，纯玩团超棒。乌镇很美啊，我觉得东西栅可以一起去看看，西栅白天夜晚完全不一样的感觉，小胡讲解的很认真，特别好，爱了(⑉°з°)-♡特别喜欢纯玩团，全程无购物，所有时间就是玩，累并快乐着，黄导全程陪伴讲解，友情提醒注意事项，非常好的体验，江南水乡的风景迷人，国庆中秋长假那真是人山人海，国内旅游业复苏持续向好！返程时友情赠送
149504506,浙江·杭州·西湖区,浙江省杭州市西湖区天目山路518号,"120.074003,30.274637",西溪国家湿地公园,5A景区,53.9,2183,游《非诚勿扰》拍摄地，感受湿地水乡浪漫,https://imgs.qunarzz.com/sight/p0/2004/95/954da2e7bf8d1038a3.water.jpg_280x200_a50461a4.jpg,https://piao.qunar.com/ticket/detail_149504506.html?st=a3clM0QlRTYlQjUlOTklRTYlQjElOUYlMjZpZCUzRDE4Njk1NiUyNnR5cGUlM0QwJTI2aWR4JTNENCUyNnF0JTNEcmVnaW9uJTI2YXBrJTNEMiUyNnNjJTNEV1dXJTI2dXIlM0QlRTYlOUQlQUQlRTUlQjclOUUlMjZsciUzRCVFNiU5RCVBRCVFNSVCNyU5RSUyNmZ0JTNEJTdCJTdE#from=,4.9,西溪国家湿地公园位于杭州城市的西部，离杭州主城区武林门只有6公里，距西湖仅5公里，是罕见的城中次生湿地。公园占地面积约10.08平方公里，目前开放区域3.46平方公里。环园游步道长约8公里，步行一圈需3.5个小时以上。西溪始于汉晋，发展于唐宋，兴盛于明清，衰落于民国，再兴于现代。杭州历史上有西湖、西溪、西泠并称三西之说。农耕湿地和文化湿地于一体的罕见湿地。西溪湿地蕴涵了梵、隐、俗、闲、野五大主题文化要素，分区特征为南隐、北俗、东闹、西静。西溪文化的精髓是一园五地：洪园、越剧首演地、词人圣地、水浒孕育地、文人逍遥地、民俗浓缩地。西溪之胜，独在于水。水是西溪的灵魂，园内约70%的面积为河港、池塘、湖漾、沼泽等水域，正所谓一曲溪流一曲烟，整个园区六条河流纵横交汇，其间分布着众多的港汊和鱼鳞状鱼塘，形成了西溪独特的湿地景致。西溪之重，重在生态。为加强生态保护，在湿地内设置了费家塘、虾龙滩、朝天暮漾三大生态保护区和生态恢复区。入口处设湿地科普展示馆，园区内有三个生物修复池和一块湿地生态观赏区。西溪还是鸟的天堂，园内设有多处观鸟亭，给游客呈现出群鸟欢飞的壮丽景观。西溪人文，源远流长。西溪自古就是隐逸之地，被文人视为人间净土、世外桃源。秋雪庵、柏梅竹山庄、西溪草堂在历史上都曾是众多文人雅士开创的别业，他们在西溪留下了大批诗文辞章。帝王将相如宋高宗、康熙、乾隆等也挥洒墨宝以表达对西溪的倾慕之情。据考证西溪还是越剧北派艺人的首演地。西溪民风，淳厚质朴。每年端午节在深潭口举行的龙舟胜会，历史悠久，形式独特，被誉为花样龙舟。烟水鱼庄附近的“西溪人家”、“西溪婚俗馆”、“西溪酿酒坊”重现西溪原居民的农家生活劳动场景，让更多的人认识和了解江南水乡典型的民俗。东区为非诚勿扰二拍摄地，它主要景点：烟水渔庄、秋雪庵、西溪水阁、梅竹山庄、深潭口、西溪梅墅、西溪草堂、泊庵等八大景点。,https://imgs.qunarzz.com/sight/p0/2004/95/954da2e7bf8d1038a3.water.jpg_710x360_de881a1c.jpghttps://imgs.qunarzz.com/sight/p0/2004/9c/9c7dc05dc76a8971a3.water.jpg_710x360_60008b7a.jpghttps://imgs.qunarzz.com/sight/p0/2004/29/29df7ccc06a80c7fa3.water.jpg_710x360_d071cc51.jpghttps://imgs.qunarzz.com/sight/p0/2004/dd/ddcc457f1dca1867a3.water.jpg_710x360_af0af6db.jpghttps://imgs.qunarzz.com/sight/p0/2004/f9/f9a4c13b8acc7acba3.water.jpg_710x360_26bacb2d.jpghttps://imgs.qunarzz.com/sight/p0/1907/40/401b7b735008f7f4a3.img.jpg_710x360_1901016f.jpghttps://imgs.qunarzz.com/sight/p0/2003/d8/d89f98d38fa881b0a3.water.jpg_710x360_3800a1e8.jpghttps://imgs.qunarzz.com/sight/p0/1909/ee/ee221850bbdcf772a3.img.jpg_710x360_d0e70229.jpghttps://imgs.qunarzz.com/sight/p0/1909/87/87d20d1ebb0619c0a3.img.jpg_710x360_ae20b039.jpghttps://imgs.qunarzz.com/sight/p0/2001/ec/ec5317aef7fc04cfa3.img.jpg_710x360_8aebc0e5.jpghttps://imgs.qunarzz.com/sight/p0/1909/95/95ab73fb3f5c21d8a3.img.jpg_710x360_4429952c.jpghttps://imgs.qunarzz.com/sight/p0/2001/cb/cb7311e8a43a33e1a3.img.jpg_710x360_0d7c9deb.jpghttps://imgs.qunarzz.com/sight/p0/1909/51/51d2f2a7b1aedd93a3.img.jpg_710x360_ec69416b.jpghttps://imgs.qunarzz.com/sight/p0/1911/89/89c7a79f0888d731a3.water.jpg_710x360_fba90832.jpghttps://imgs.qunarzz.com/wugc/p3/201206/02/44c1fe10b91aed6793835fbb.jpg_710x360_88947e16.jpghttps://imgs.qunarzz.com/sight/p0/1907/aa/aa4500ed427eee05a3.img.jpg_710x360_8fc4cd5c.jpghttps://imgs.qunarzz.com/sight/p0/1907/a3/a3db37eabbca5e08a3.img.jpg_710x360_095018f6.jpghttps://imgs.qunarzz.com/sight/p0/1907/e3/e32302d893882423a3.img.jpg_710x360_53c391f1.jpghttps://imgs.qunarzz.com/sight/p0/1903/98/983a2f7153540368a3.img.jpg_710x360_b8179288.jpghttps://imgs.qunarzz.com/sight/p0/1606/16/16d5bdb3cf4d5859b4.img.jpg_710x360_b2c59397.jpghttps://imgs.qunarzz.com/sight/p0/1611/7f/7fe6e4391a5171b2a3.img.jpg_710x360_8d0a09b5.jpghttps://imgs.qunarzz.com/sight/p0/1611/be/be9fc1bcf93da153a3.img.jpg_710x360_279f6f95.jpghttps://imgs.qunarzz.com/wugc/p94/201207/04/ca052497bd4f499a93835fbb.jpg_710x360_1e83b2d4.jpghttps://imgs.qunarzz.com/sight/p0/201405/28/66c16faacfee9b9405191f57a8a32faa.jpg_710x360_c7c72971.jpg,感谢盛蓝旅社，两个孩子玩的非常好，真的纯玩，没有额外消费一次难忘的旅行，感谢美女小王导游细致耐心得讲解。让我们对西湖美景有了更深刻得认识和体味！欲把西湖比西子，浓妆淡抹总相宜！美丽的西湖，精彩的宋城演出！给杭州点赞。给江南点赞，不虚此行！非常充实的一日游，导游幽默风趣，为团员考虑周到！！就是在宋城玩的时候有点短，如果能在宋城待的时间再长点就完美了建议买电瓶船，一个小时，四个站点，每一个站都可以下来观看，沿着石板小路，环境真的很不错，电瓶船一个人60，不算贵，一圈玩下来，哈哈哈感觉自己瘦了刘导，非常好，特别幽默。。在去哪儿网提前订的门票，比现场购买节省了15元。景色宜人，空气好，值得一去！风景很美，人相对比较少，最最感动的是在河渚街丢了手机，店家居然帮我留意了，派出所也很热心帮忙，最后手机找到了，好感动😭😭😭行程好，导游热情细致，西溪湿地很好的行程安排的很满，导游很负责任，每到一个景点都给详细的讲解，很满意的一次旅游。
1470844482,浙江·丽水·莲都区,浙江省丽水市莲都区琵琶圩路,"119.905386,28.451126",丽水冒险岛水世界,,238,2414,中世纪欧洲维驯龙主题，开启奇幻水上之旅,https://imgs.qunarzz.com/sight/p0/1706/e1/e1dbcc2f0ad04fe0a3.img.jpg_280x200_af26bc41.jpg,https://piao.qunar.com/ticket/detail_1470844482.html?st=a3clM0QlRTYlQjUlOTklRTYlQjElOUYlMjZpZCUzRDE5MTAzMCUyNnR5cGUlM0QwJTI2aWR4JTNEMiUyNnF0JTNEcmVnaW9uJTI2YXBrJTNEMiUyNnNjJTNEV1dXJTI2dXIlM0QlRTYlOUQlQUQlRTUlQjclOUUlMjZsciUzRCVFNiU5RCVBRCVFNSVCNyU5RSUyNmZ0JTNEJTdCJTdE#from=,5.0,占据着整个琵琶岛的“冒险岛水世界”，项目占地近20万平方米，由世界著名的加拿大白水公司进行概念设计，围绕中世纪欧洲维京驯龙主题，有专属的跌宕起伏、扬善除恶的故事主线，同时配套各种主题人物卡通形象。冒险岛水世界将划分为失落密符区、斯嘉德部落区、奥丁城堡区、暴雪湾区四个主题区，还将引进国际化员工，突出特色服务品质，打造休闲游乐服务的旗舰品牌。集娱乐性、新奇性、刺激性于一身，其中包括：近400米长的水磁力过山车；亚洲首度引进的“冲浪卷模拟器”；五星刺激指数的垂直人体滑道和大回环组合；由世界知名水上设备设计公司加拿大PROSLIDE公司设计，并荣获2007”金票奖的旋风大喇叭巨兽碗组合；由英国Murphy's Waves公司设计3.3米的巨浪，带来海啸般紧张和刺激的造浪池；由加拿大White Water West Industries Ltd（白水公司）设计，家人共同参与的项目——巨型水寨，主题漂流河、全龄层四组合滑道；及专为儿童打造的戏水池等等。造浪池全景式维京主题特效演出、维京主题水战车巡游狂欢、及来自巴西、法国、俄罗斯等多个国外演艺团队将带来激情四射的水上梦幻秀等等。高密集度的设备和维京主题的国际演艺，必将满足儿童、青少年、家庭，以及追求新鲜与刺激的年轻人群体的多样梦幻般体验需求。漂流&乐园类景区容易受天气影响，建议游客订票后，出行前拨打景区电话，以保证您的行程可以顺利进行，景区咨询电话可以拨打当地的114查询。,https://imgs.qunarzz.com/sight/p0/1706/e1/e1dbcc2f0ad04fe0a3.img.jpg_710x360_cc6886ba.jpghttps://imgs.qunarzz.com/sight/p0/1706/90/90abd25f38675322a3.img.jpg_710x360_4af1805c.jpghttps://imgs.qunarzz.com/sight/p0/1706/a2/a2ed17663edae271a3.img.jpg_710x360_04caf1ad.jpghttps://imgs.qunarzz.com/sight/p0/1706/86/8605a4f288fb72dea3.img.jpg_710x360_4d3bbe9f.jpghttps://imgs.qunarzz.com/sight/p0/1706/5e/5edc36a302ac821da3.img.jpg_710x360_55de3b2e.jpghttps://imgs.qunarzz.com/sight/p0/1706/c3/c36447fc84224b07a3.img.jpg_710x360_29e66399.jpghttps://imgs.qunarzz.com/sight/p0/1706/e7/e7f7bfd528aeade4a3.img.jpg_710x360_dfb6a17e.jpghttps://imgs.qunarzz.com/sight/p0/1706/4d/4de1672fd9f49435a3.img.jpg_710x360_3136a031.jpghttps://imgs.qunarzz.com/sight/p0/1706/d7/d79342a47d1490bfa3.img.jpg_710x360_9b762dcb.jpghttps://imgs.qunarzz.com/sight/p0/1706/79/7977757aeca43e2aa3.img.jpg_710x360_28bb0418.jpghttps://imgs.qunarzz.com/sight/p0/1706/15/15e3364c62b596f9a3.img.jpg_710x360_8a9c627f.jpghttps://imgs.qunarzz.com/sight/p0/1706/12/128e92629b9ee84da3.img.jpg_710x360_ba403427.jpghttps://imgs.qunarzz.com/sight/p0/1706/fc/fca4c9a3be72407a3.img.jpg_710x360_6ceed4bb.jpghttps://imgs.qunarzz.com/sight/p0/1706/48/4802f837b56b82e5a3.img.jpg_710x360_edbff5fb.jpghttps://imgs.qunarzz.com/sight/p0/1706/ca/cab9a3a68272baa7a3.img.jpg_710x360_b20ae1bd.jpghttps://imgs.qunarzz.com/sight/p0/1706/2b/2bc3db6c0cfdf903a3.img.jpg_710x360_35551bc1.jpghttps://imgs.qunarzz.com/sight/p0/1706/76/767458d57ef7cf52a3.img.jpg_710x360_58a72326.jpghttps://imgs.qunarzz.com/sight/p0/1706/37/378949bf3e15e276a3.img.jpg_710x360_11c10426.jpghttps://imgs.qunarzz.com/sight/p0/1706/10/103f96d156c79f5ea3.img.jpg_710x360_609afaf7.jpghttps://imgs.qunarzz.com/sight/p0/1706/a2/a24a98a0c58e76fa3.img.jpg_710x360_e3733f21.jpg,服务人员很热情、游玩项目很多、适合各年龄段、就是太阳太大容易晒伤、要注意防晒刚刚买完第二天就有抖音活动198一张门票贵，玩的还可以，服务挺好的，吃的有点小贵，不能带吃的，搜包的玩的项目还是只有那么几个，四五年都没变了，玩一次差不多，玩第二次有点腻了。服务还是可以的，各种迎宾各种安保各种打招呼还可以，有分成人和儿童游玩区，项目有点少，玩一天就感觉没什么东西玩，而且很晒，建议不用那么早去玩，完全来得及园里很大，玩的项目也多，价格可以接受，明年夏天还会在去，今年去的太晚了，到下午四点半就冷的受不了了外面保安疏导不当，堵车严重，里面的小姐姐热情大方，一直跟客人微笑面对。价格属于高档的吧，带着小孩去没玩几个项目，人多感觉下饺子，所以一直在儿童区。去了下造浪池，威力十足，呆在上面边缘还能被浪移动几里面位置。其他都没问题，就是周末人太多，排队排到脑袋晕什么都好，就是没素质的人太多，把我耐克拖鞋穿走了，然后没人管。
3834620844,浙江·杭州·西湖,浙江省杭州市西湖区灵隐路法云弄1号,"120.107258,30.243005",灵隐景区,,45,2555,江南少见的古代石窟艺术瑰宝,https://imgs.qunarzz.com/sight/p22/201211/08/e9cc61781fc15d3993835fbb.jpg_280x200_5962cb9c.jpg,https://piao.qunar.com/ticket/detail_3834620844.html?st=a3clM0QlRTYlQjUlOTklRTYlQjElOUYlMjZpZCUzRDMxMzA3JTI2dHlwZSUzRDAlMjZpZHglM0QzJTI2cXQlM0RyZWdpb24lMjZhcGslM0QyJTI2c2MlM0RXV1clMjZ1ciUzRCVFNiU5RCVBRCVFNSVCNyU5RSUyNmxyJTNEJUU2JTlEJUFEJUU1JUI3JTlFJTI2ZnQlM0QlN0IlN0Q%3D#from=,4.9,灵隐（飞来峰）景区位于西湖西面，包括灵隐寺和飞来峰两个主要景观。飞来峰不大也不高，却汇聚了几百处不同朝代的菩萨、高僧造像，有种融合之美。山中的灵隐寺是杭州最古老的寺院，香火旺盛，可以买香花券入寺祈愿。景区本身并不大，步行游玩即可。进入大门后往左，没一会儿就能看到飞来峰，沿着林中小径不出5分钟看到青林洞入口，据说洞前的石板曾是济公的睡床，睡一睡将不再为尘世所扰，引得许多游客在这里躺一躺。往北走，玉乳洞里有北宋十八罗汉造像，洞口东端两侧还有禅宗六祖像，十分精美。继续往前的龙泓洞俗称观音洞，里面有一道石缝“一线天”，不是所有人都能看到那道穿过石缝的光亮，因此常会看到大家伸长脖子往上看。洞外的崖壁上布满了佛像石刻，较低处，可以看到“白马驮经”的宋代石刻。龙泓洞口的理公塔，是杭州现存唯 一的明代塔，由此沿着冷泉溪走，还能看到大肚弥勒，这是飞来峰最 大的一尊佛像。石刻对面便是著名的灵隐寺，进入灵隐寺需另购香花券30元，但还是很值得一看，天王殿里的韦驮像是南宋时期的遗物，由整段香樟木刻成，十分珍贵。新修的永福寺在灵隐寺旁边，顺着指示牌往上走就能到，寺院里除了清幽的古建之外，还有一片茶园和许多古树，风景相当不错。到了永福寺必须原路返回，如果想要爬山，在返回灵隐寺的半路有一岔道，可从韬光寺出口通往北高峰，这段路人少幽静，走走感觉很不错。北高峰可以爬山或者坐索道上去，山巅的灵顺寺是杭州著名的古寺之一。,https://imgs.qunarzz.com/sight/p22/201211/08/e9cc61781fc15d3993835fbb.jpg_710x360_0ffb3d8d.jpghttps://imgs.qunarzz.com/sight/p0/201301/16/e43dd78aaa46512293835fbb.jpg_710x360_3438bfbe.jpghttps://imgs.qunarzz.com/sight/p0/201301/16/44ce3c47bc8a740193835fbb.jpg_710x360_366e5ca3.jpghttps://imgs.qunarzz.com/sight/p0/201301/16/2fafc51403e1763193835fbb.jpg_710x360_eb8ba2dc.jpghttps://imgs.qunarzz.com/sight/p0/1412/2f/f2fc098650ba0df80d50f0a21466217f.water.jpg_710x360_c19196d1.jpghttps://imgs.qunarzz.com/sight/p0/1412/67/ccaecc978fe675e9790afd151a2648f3.water.jpg_710x360_f2cd3e1e.jpghttps://imgs.qunarzz.com/sight/p0/1412/ca/e72ff6ce0e2ba1cd1778942d692f91ae.water.jpg_710x360_5152abc1.jpg,天气给力，20度的温度，在西湖坐着游船，吹着暖风，西湖边的花也都开了，在杭州度过了美好的一天。行程非常顺利，这是跟团最大的好处，比较省心，也没有额外乱收费现象，而且价格也诱人，比较划算。总体安排不错，这次是带客户来游玩的，都感觉不错，让我省心了不少。杭州，给人感觉舒服的一个城市，绿化做的特别好，马路干净，从城区到西湖边到钱江新城，都非常整洁美观，在导游的讲解下，对杭州及景点已经有很多了解，导游安排有条有理，一路上对老人家也特别照顾，而且讲的也比景区其它的团要讲解的多，很感谢，这么认真对待我们。景色宜人，导游热情，讲解详细最舒服的一次跟团游，一天下来，没有额外消费的费用，中午的饭菜是自己掏钱的。雷峰塔超出预期，风景挺好，因为塔上能看西湖的好景色，还有苏堤，游船西湖，一路风景都美妙，灵隐寺景区石雕造像，是门艺术，佩服当时的工匠们，还学到了一些拜佛礼仪，希望心愿能成，明年还要再来。跟这个团，还是比较放心的，最关心的购物没有出现，也没有推其它自费项目，中饭是自费的，游玩跟行程符合。而且行程中安排的景区，也都是杭州代表性景点，到了杭州，这些地方是肯定要去的。晚上有时间，自己可以安排去南宋御街，龙翔桥附近逛逛，这些地方都比较热闹。爆赞！导游很温柔，路线也一样完美～导游服务很人性化，及时的给予帮助很贴心。行程安排的很充实很合理，以前都以为旅行团强制消费的，没想到真的就是一点点购物都没有的，价格还是那么的美丽，真的是值得了。导游小姑娘也服务的非常到位，就是很棒就对了今天小张姐姐带我们乌镇一日游，一路上给我们讲解乌镇的风景，江南的特点，吃的特色，幽默风趣，讲解到位，还是很喜欢的，是一个不错的导游！很开心的一天，导游很热情，很专业
2693286392,浙江·杭州·萧山区,萧山区湘湖旅游度假区湘湖路1515号（湖山音乐喷泉对面）,"120.229195,30.141189",杭州开元森泊恒温水乐园,,158,1088,住进童话树屋 | 夏日玩水必备,https://imgs.qunarzz.com/sight/p0/2005/b4/b47d7f3f86921171a3.water.jpg_280x200_26163b07.jpg,https://piao.qunar.com/ticket/detail_2693286392.html?st=a3clM0QlRTYlQjUlOTklRTYlQjElOUYlMjZpZCUzRDQ2OTkyMyUyNnR5cGUlM0QwJTI2aWR4JTNEMTUlMjZxdCUzRHJlZ2lvbiUyNmFwayUzRDIlMjZzYyUzRFdXVyUyNnVyJTNEJUU2JTlEJUFEJUU1JUI3JTlFJTI2bHIlM0QlRTYlOUQlQUQlRTUlQjclOUUlMjZmdCUzRCU3QiU3RA%3D%3D#from=,5.0,杭州开元森泊度假乐园坐落于首批重点旅游度假区——浙江湘湖旅游度假区内，距离杭州市区仅20公里，是区域旅游发展蓝图的重要单元，计划于2018年年底开园迎客。 杭州开元森泊度假乐园占地300亩，总投资11.7亿人民币，以“大自然”为原点，创新衍生出“精品度假”与“奇趣游乐”两大核心板块，是集住宿、游乐、餐饮、商务为一体的全天候一站式休闲度假综合体杭州开元森泊度假乐园以“亲近自然”、“节能和环保”、“家庭团聚”、“休闲放松”、“老少皆宜”等为特点，主要满足都市人群短期度假和家庭亲子游的出游需求，是一个集住宿、游乐、餐饮、商务为一体的大型休闲度假综合体。乐园不仅为游客提供了私密亲自然的度假木屋居住体验；更提供了全年恒温水乐园、超大型儿童乐园、户外探索游乐、地道的当地美食等丰富多彩的休闲活动。在森泊，大自然的神奇因子与“开元关怀”式的优质服务体验完美融合，游客可以在浸入式自然体验中尽情释放压力、抛开烦恼，和家人、朋友在每一次妙趣互动中缩近距离，增进情感。森泊乐园不仅提供了全年恒温30°森泊室内水乐园、更有占地超3000平方米的超大型儿童乐园、户外探索游乐、亲子自然课堂、地道当地美食等丰富多彩的休闲项目。游客可以在浸入式自然体验中尽情释放压力、抛开烦恼，和家人、朋友在每一次妙趣互动中缩近距离，增进情感。杭州开元森泊度假乐园立足杭州湘湖旅游度假区，是现代生态旅游模式的全新尝试，将提供给游客前所未有的野奢度假体验，成为长三角值得前往的休闲度假目的地之一。,https://imgs.qunarzz.com/sight/p0/2005/b4/b47d7f3f86921171a3.water.jpg_710x360_3ac222d8.jpghttps://imgs.qunarzz.com/sight/p0/2005/d6/d68c9222dad5ec62a3.water.jpg_710x360_8f7568a4.jpghttps://imgs.qunarzz.com/sight/p0/2005/c3/c38d1cb9e0cd56aa3.water.jpg_710x360_771ff5a1.jpghttps://imgs.qunarzz.com/sight/p0/2005/9e/9e5219fdfbb6ff6fa3.water.jpg_710x360_bf175c1d.jpghttps://imgs.qunarzz.com/sight/p0/2005/b2/b2fd912965a904c8a3.water.jpg_710x360_0aca164c.jpghttps://imgs.qunarzz.com/sight/p0/2005/fb/fbfd4a422f5c30a6a3.water.jpg_710x360_97fe8107.jpghttps://imgs.qunarzz.com/sight/p0/2005/fa/fab434d3ebccc0b5a3.water.jpg_710x360_696e3274.jpghttps://imgs.qunarzz.com/sight/p0/2005/b9/b9c16c6c0733b68a3.water.jpg_710x360_58cd0999.jpghttps://imgs.qunarzz.com/sight/p0/2005/f6/f6eb8c4d03955711a3.water.jpg_710x360_cb3c9d79.jpghttps://imgs.qunarzz.com/sight/p0/2005/98/98cd6c1140cbf056a3.water.jpg_710x360_18555430.jpghttps://imgs.qunarzz.com/sight/p0/1903/2f/2f7bcb1f2cd4c4da3.img.png_710x360_4a8db4f6.pnghttps://imgs.qunarzz.com/sight/p0/1903/9d/9d4df61909e115b7a3.img.png_710x360_29de060d.pnghttps://imgs.qunarzz.com/sight/p0/1903/c8/c8558cab795ec677a3.img.png_710x360_ef1cea64.pnghttps://imgs.qunarzz.com/sight/p0/1903/67/67a623a9ee61e1a3.img.png_710x360_b2fe73e8.pnghttps://imgs.qunarzz.com/sight/p0/1903/7c/7c4e5cce406c1550a3.img.png_710x360_0ca6aca1.pnghttps://imgs.qunarzz.com/sight/p0/1903/15/152c5b25e16dbf27a3.img.png_710x360_8e16ea51.pnghttps://imgs.qunarzz.com/sight/p0/1903/ca/ca84524963f1b69a3.img.png_710x360_e6885c71.pnghttps://imgs.qunarzz.com/sight/p0/1903/ed/ed5f9febd1462523a3.img.png_710x360_d5f56dd1.pnghttps://imgs.qunarzz.com/sight/p0/1903/20/20c99a2ef5dc1979a3.img.png_710x360_484603ff.png,sc康康哥哥，橙子姐姐精力舞会演出很棒！前面出票有点问题…里面游玩还是很不错的玩漂流也要租气圈、柜子也要钱、小柜25大柜30、有好多都是1.5米以上才能小朋友玩的、没玩俩个小时就出来了、感觉不值这两百块的门票少女心的我，看到乐园都有玩的冲动，更何况是小孩子了！ 真的可以呆上一天了，中途累了 回酒店房间休息下，可以继续进去玩乐！ 旁边还有个寄存箱，5块一次！ 小孩子需要穿防滑袜，自带 现场买都是可以的少女心的我，看到乐园都有玩的冲动，更何况是小孩子了！ 真的可以呆上一天了，中途累了 回酒店房间休息下，可以继续进去玩乐！ 旁边还有个寄存箱，5块一次！ 小孩子需要穿防滑袜，自带 现场买都是可以的！ 乐园很大，很梦幻，不累不困不饿的话，娃们可以玩上一天 ，休闲吧吃的东西不是很多，中途可以出来，之后再进去继续玩！ 小孩子需要穿防滑袜，自带 现场买都是可以的 ，总体不错，小孩子们的天地 幻想岛特别适合2岁以上的宝宝来玩。门票可以买和水世界的联票，300多一大一小。新开的度假酒店，周一至周五来，人都不是很多，孩子们玩的特别开心，而且这个幻想岛几乎没有什么身高限制，孩子们可以畅玩一整天，我买的联票，上午玩水世界，特别干净，服务人员也很热情！下午要幻想岛，感觉时间不够用，如果你来的时间久，可以考虑分开两天玩！住酒店，带孩子玩儿乐园。干净，设施设备齐全，挺新，工作人员挺负责。水上乐园这次没玩儿，已经约了朋友再来。很适合带孩子来。买的含自助餐恒温水乐园套票，一家3口玩得很开心。自助餐性价比很高，值得推荐。值得一去，夏日好去处！孩子开心！妈妈轻松带娃
4022558823,浙江·杭州·萧山区,浙江省杭州市萧山区杭州乐园内,"120.25205,30.166365",杭州浪浪浪水公园,,140,382,冲浪戏水大世界，爽翻你的夏天,https://imgs.qunarzz.com/sight/p0/2106/fe/fe3088a3bc77f22ea3.water.jpg_280x200_dc3bca9e.jpg,https://piao.qunar.com/ticket/detail_4022558823.html?st=a3clM0QlRTYlQjUlOTklRTYlQjElOUYlMjZpZCUzRDE5NTI5OCUyNnR5cGUlM0QwJTI2aWR4JTNEMTQlMjZxdCUzRHJlZ2lvbiUyNmFwayUzRDIlMjZzYyUzRFdXVyUyNnVyJTNEJUU2JTlEJUFEJUU1JUI3JTlFJTI2bHIlM0QlRTYlOUQlQUQlRTUlQjclOUUlMjZmdCUzRCU3QiU3RA%3D%3D#from=,5.0,10万平方米水世界，拥有大型儿童嬉水区、冲浪池、极速滑道、大喇叭、迷旋滑道、巨洪峡、时光穿梭滑道、太阳滑道、滑板冲浪、 浪浪浪水寨、漂流河等数十项大型水上游乐设备。泡沫水舞狂欢派对、泡沫大战、冰雪快闪秀等主题演出惊艳你的眼球。,https://imgs.qunarzz.com/sight/p0/2106/fe/fe3088a3bc77f22ea3.water.jpg_710x360_d8aa229e.jpghttps://imgs.qunarzz.com/sight/p0/2006/e2/e2c8404fa50182b1a3.water.jpg_710x360_f22a317c.jpghttps://imgs.qunarzz.com/sight/p0/2006/ea/eac54ef437fed8e8a3.water.jpg_710x360_2926d3cd.jpghttps://imgs.qunarzz.com/sight/p0/2106/4b/4b43f758d3f64627a3.water.jpg_710x360_cef9c805.jpghttps://imgs.qunarzz.com/sight/p0/2006/1f/1fc911c698952bdca3.water.jpg_710x360_6e7b774b.jpg,游玩体验？我是去学游泳的，尝试了 蛙泳，自由泳、蝶泳、仰泳、狗爬式等；喝了不少些！根据味道判定，水里应该有不少消毒液！看到好几只虫子蟑螂之类死在了水里，他们可能是淹死了！最迷人的表演，莫过于夜晚时幕帘后的4位美女舞蹈，婀娜多姿，妩媚动人！看来，还是幕影的舞蹈更能让人迷幻！作为一个以亲水为主题的乐园，设施齐全，最关键是性价比奇高。🏄必玩推荐⭕极速滑道全场z刺激，将近七层楼的高度，有一段几乎是垂直而下的，很久没有体验这种“身不由己”的快感了！⭕大喇叭滑道全国z大的大喇叭滑道，一边旋转一边摇摆，瞬间失重的感觉真的又怕又爽，需要提前组队。⭕月亮湾双人项目，刺激程度适中，适合情侣或闺蜜一起玩。⭕冲浪滑板比真实冲浪更刺激，考验胆量和平衡感，因为游客们经常贡献表情包，所以围观群众也很多😂。⭕章鱼滑道如果胆小可以试试这个，坡比较缓，而且不用排队，可以放在后面玩。⭕巨浪湾今年巨浪湾新升级，最多可以同时容纳万人的巨型造浪池，特别适合带小朋友的家庭。浮力圈可在园区里租。没想到除了白天的游乐项目，他家夜场更嗨！千万别错过！⭕电音泼水节（7月1日-8月31日），每天有DJ带着蹦迪，7月17日-8月7日，连续四个周六还有知名夜场大咖助力。⭕浮毯挑战赛，龙虾挑战赛，西瓜挑战赛等等互动游戏，既应景又好玩。啤酒畅饮，龙虾嗨吃，超过瘾。⭕七彩星光大巡游，歌舞表演，魔术表演，居然还有杂技表演，各种精彩表演目接不暇！一张票多重享受，超值！💡TIPS1⃣票价120-160，提前订有优惠（当然买全天票最划算！）另外，买浪浪浪水公园，杭州乐园，烂苹果乐园的联票更划算，适合精力充沛的小哥哥小姐姐们！2⃣开放时间周一至周四10:30-21:00(夜场16:00开始，周五闭园时间延长1小时)周六 10:00-22:00周日 10:00-21:00夏季人多，所以建议大家早点去，也方便停车。3⃣为了安全，不能佩戴首饰入场，需提前存放在储物柜中。另外最好自备手机防水袋。夏天要干嘛？当然是去玩水啦[喝奶茶R]带着我的社畜闺蜜，让她好好放松下📍杭州浪浪浪水公园🎫 日游票160元，夜游票120元🚇坐地铁到湘湖站，然后再打个的过去🏨最近的酒店是第一世界大酒店，步行就能到水公园🌊10万平方米的水世界，各种各样的水上玩乐项目挑花了眼，大喇叭、极速滑道、巨浪湾、一个个玩过来，怎么刺激怎么来，推荐几个一定要玩的1⃣️ 巨浪湾10000平巨型冲浪场地，容纳3000人同时冲浪的体量，一次造浪可持续30分钟，浪高可达1.8米，畅享城市冲浪乐趣。2⃣️ 月亮湾滑道从15米高空近乎垂直滑入长达数十米的U型滑道，瞬时下滑，体验失重带来的极度刺激。一个起落，再一个起落，最后飞入水池中。3⃣️ 章鱼滑道20米高空滑出一个361度的大麦圈，从顶端俯冲而下，经过加速、变速、缓冲的滑行过程，数秒间疾驰至水中。ps我朋友是比较怕高的，不敢玩那个章鱼滑道，我趴在垫子上花了半个小时鼓励她，终于是把她说动敢滑了。4⃣️ 滑板冲浪就像真的在海上冲浪一样，波涛汹涌。⚠️其实滑道不吓人，大喇叭和极速滑道的失重感才刺激，胆子又大又不怕水的我 当然是怎么刺激怎么来！还可以 玩的开心  天气有点不好先说去哪儿买票吧，120一张夜玩票，购买之后去大众点评发现那边105一张，回来准备退票，发现退不了。人家火车票都可以随时退票，你一个景点门票不让退，差价这么多。再说游玩吧，基本没啥好玩的，超级大喇叭排队两小时下来15秒，还有很多收单个项目费，美其名曰:租用道具费，贵的一批，两人泳圈50块。巨浪池我就不想说了，根本没浪，7点开始搞了30分钟结束了，哈哈哈这个夏天，来杭州就要浪浪浪逃过了杭州的梅雨天，终于在这个周末，迎来了久违的阳光。属于杭州的夏季，炎热和阴雨成了主色调。远离炎热，每个人都有不同的方法。夏天来杭州，除了游玩常规的景点。还有一个地方，也是夏季出游的好选择。那就是位于湘湖宋城旅游区的浪浪浪水乐园。这里是华东地区最大最具特色的水上乐园，拥有30000平方米超大规模水世界，11000平方米儿童嬉水区和6000平方米巨型冲浪池。是玩水的好去处。每天在这里都聚集超多爱玩水的人，在这里不但可以避暑纳凉，还是合家欢的好去处。在这个周末，在这里再一次上演欢乐的盛宴。而且，在这里的水上游乐项目，也十分的丰富。满足各种年龄层次的游客，无论是几岁的孩童，还是中青年，或者是老年，都可以找到属于自己的游玩项目。特别是现在是假期，这里更成了孩子们欢乐的天堂。如果时间充裕的话，也可以选择游玩湘湖宋城的其他景区，比如杭州乐园、烂苹果乐园等。这样整个周末的行程就更加丰富，而且套票，价格还有优惠。暑假期间，浪浪浪水公园还开放了夜场，每晚还会上演泡沫狂欢节，真的是精彩不断，欢笑不断。这时的乐园才达到高潮，伴随着现场动感的音乐，一起律动。营业时间：开园时间：周一至周五：10:30 ，周六、周日：10:00闭园时间：周日至周四：21:00 ，周五、周六：22:00夜游时间：周日至周四：16:00-21:00，周五、周六：16:00-22:00交通：K515（区间）、K327、地铁1号线等多条线路，可以选择在杭州乐园或湘湖站下车。票价：成人160元，夜场120元。还有大学生、儿童等优惠票价，也可以选择套票。烈日当头的夏日，想要去的地方只有水乐园了吧。杭州浪浪浪水公园能满足整个夏天的清凉。从白天到黑夜，在水乐园十万平米的世界里，能够畅玩数十项水上游乐设施。彩色泡沫节期间更是有全景水舞光影秀、网红抖音年代秀、彩色泡沫荧光趴、泡沫狂欢电音趴等水上主题趴。推荐项目：巨浪湾、章鱼滑道、滑板冲浪、时光穿梭隧道、大喇叭、迷旋滑道门票：160元一日票，120元夜场票，优惠票100元位置交通：杭州市萧山区风情大道2555号可乘坐地铁一号线到达湘湖站，有景区小火车接送我女儿最喜欢玩水了，所以夏天去水公园是避暑首选！杭州浪浪浪水公园占地十万多平方米，里面有大型的儿童嬉水区、浪浪浪水寨，也有适合大人玩的刺激项目，像巨浪湾、极速滑道、大喇叭等等，数十项风靡全球的水上游乐设备，不管是大朋友还是小朋友，都能在这里找到自己的快乐。有专属的“宝贝水世界”，带娃的朋友一定会在这个地方呆很久，由蘑菇水炮、七彩雨廊、水屋翻斗乐、炫彩滑梯等组成的，梦幻般的嬉水王国，小朋友们可以在这里跟小伙伴们一起玩耍，可以和爸爸妈妈一起戏水，一起在缤纷的童话世界享受亲子时光哦。📍关于夏日避暑圣地——杭州浪浪浪水公园的我总结的10大tips:1🦒懒人河:门口最近的项目，适合全家老小一起下去玩，小朋友的游泳圈啥的都能带下去2🐙章鱼滑道:五彩的滑道，趴在一张蓝色的滑行垫上滑下来的，滑道是敞开的所以能看到外面的景色，这张滑行垫是需要自己从底下拎上去的3🐄极速滑道、迷你滑道:同一个入口排队的，上去以后有蓝白两条滑道可以选择，蓝色比较平缓一些，白色是迷你滑道，坡度比较陡4🦈大喇叭、时光穿梭滑道:两个项目的排队队伍是同一条，要排到上去之后才分开5🐊合家欢滑道:这个项目这有双人和单人三条滑道，队伍是分开的6🐆月亮坡滑道:两人坐一张皮筏往下滑，滑道坡度够，还比较刺激7🐩浪浪浪水寨:滑道很多，上面的都是大人玩的，小朋友玩不了，需要排队的。底下有个小朋友玩的，不用排队，可以直接玩8🐈巨洪峡:需要租皮筏才能下去漂，可以漂很久。但是太阳大的话，比较晒9🐫巨浪湾:人比较多，半个小时一次浪，持续5分钟左右，最好可以租个皮筏，在中间点的位置，浪感比较强。边上还有个舞台，定时会有表演10🐑滑板冲浪：这个比较有难度，需要身体控制力很强，不然就会被冲跑了，一般玩的男生比较多想要夏日消暑，和闺蜜首先定下的行程就是浪浪浪水公园，这个华东地区最大最具特色的水上乐园，拥有30000平方米超大规模水世界，11000平方米儿童嬉水区和6000平方米巨型冲浪池，将所有的热情融入水中，嗨爽一夏~放眼望去，整个公园里大型儿童嬉水区、冲浪池、极速滑道、大喇叭、迷旋滑道、巨洪峡、时光穿梭滑道、太阳滑道、滑板冲浪、 浪浪浪水寨、漂流河等数十项国内首屈一指的大型水上游乐设备精彩亮相，比比皆是！最最吸引人眼球的当属高20米，长100米，体验极限加速度的太阳神毯六环滑道了，6条封闭的管道，从20米的高度画出一个361度的大麦圈，然后伸向海面吐出一条条波浪形的水毯，出口处看着对面的小伙伴一个个从不用颜色的管道里潇洒而出喷涌而来，最终冲出管道一泻而下，别提有多惊险刺激了！地址：浙江萧山区风情大道2555号（毗邻杭州乐园）地铁一号线，湘湖站直达，从市区或火车站开车到景区也就半个小时车程；建议自备泳衣，手机防水袋，浴巾，防晒服，防晒霜等衣物哦；
